Campaign,Ad Group,Keyword,Match Type,Final URL,Labels
MY AVTO Search,Поршни общее,поршни купить алматы,Exact,https://my-avto.kz/zapchasti/porshni/,
MY AVTO Search,Поршни общее,купить поршни,Exact,https://my-avto.kz/zapchasti/porshni/,
MY AVTO Search,Поршни общее,поршни цена,Exact,https://my-avto.kz/zapchasti/porshni/,
MY AVTO Search,Поршни общее,поршни на двигатель,Exact,https://my-avto.kz/zapchasti/porshni/,
MY AVTO Search,Поршни общее,комплект поршней,Exact,https://my-avto.kz/zapchasti/porshni/,
MY AVTO Search,Поршни общее,поршневая группа,Exact,https://my-avto.kz/zapchasti/porshni/,
MY AVTO Search,Поршни общее,поршневая группа купить,Exact,https://my-avto.kz/zapchasti/porshni/,
MY AVTO Search,Поршни общее,поршневая группа цена,Exact,https://my-avto.kz/zapchasti/porshni/,
MY AVTO Search,Поршни общее,поршни купить,Phrase,https://my-avto.kz/zapchasti/porshni/,
MY AVTO Search,Поршни общее,поршни алматы,Phrase,https://my-avto.kz/zapchasti/porshni/,
MY AVTO Search,Поршни общее,поршневая группа алматы,Phrase,https://my-avto.kz/zapchasti/porshni/,
MY AVTO Search,Поршни общее,купить поршневую группу,Phrase,https://my-avto.kz/zapchasti/porshni/,
MY AVTO Search,Кольца общее,кольца поршневые,Exact,https://my-avto.kz/zapchasti/koltsa-porshnevye/,
MY AVTO Search,Кольца общее,кольца поршневые купить,Exact,https://my-avto.kz/zapchasti/koltsa-porshnevye/,
MY AVTO Search,Кольца общее,кольца поршневые цена,Exact,https://my-avto.kz/zapchasti/koltsa-porshnevye/,
MY AVTO Search,Кольца общее,поршневые кольца алматы,Exact,https://my-avto.kz/zapchasti/koltsa-porshnevye/,
MY AVTO Search,Кольца общее,комплект поршневых колец,Exact,https://my-avto.kz/zapchasti/koltsa-porshnevye/,
MY AVTO Search,Кольца общее,ремонтные кольца,Exact,https://my-avto.kz/zapchasti/koltsa-porshnevye/,
MY AVTO Search,Кольца общее,купить поршневые кольца,Phrase,https://my-avto.kz/zapchasti/koltsa-porshnevye/,
MY AVTO Search,Кольца общее,поршневые кольца на двигатель,Phrase,https://my-avto.kz/zapchasti/koltsa-porshnevye/,
MY AVTO Search,Кольца общее,кольца поршневые ремонтные,Phrase,https://my-avto.kz/zapchasti/koltsa-porshnevye/,
MY AVTO Search,Вкладыши общее,вкладыши коленвала,Exact,https://my-avto.kz/zapchasti/vkladyshi/,
MY AVTO Search,Вкладыши общее,вкладыши шатунные,Exact,https://my-avto.kz/zapchasti/vkladyshi/,
MY AVTO Search,Вкладыши общее,вкладыши коренные,Exact,https://my-avto.kz/zapchasti/vkladyshi/,
MY AVTO Search,Вкладыши общее,вкладыши купить,Exact,https://my-avto.kz/zapchasti/vkladyshi/,
MY AVTO Search,Вкладыши общее,комплект вкладышей,Exact,https://my-avto.kz/zapchasti/vkladyshi/,
MY AVTO Search,Вкладыши общее,вкладыши на двигатель,Exact,https://my-avto.kz/zapchasti/vkladyshi/,
MY AVTO Search,Вкладыши общее,вкладыши коленвала купить,Phrase,https://my-avto.kz/zapchasti/vkladyshi/,
MY AVTO Search,Вкладыши общее,вкладыши шатунные алматы,Phrase,https://my-avto.kz/zapchasti/vkladyshi/,
MY AVTO Search,Вкладыши общее,купить вкладыши коленвала,Phrase,https://my-avto.kz/zapchasti/vkladyshi/,
MY AVTO Search,Toyota,поршни toyota,Exact,https://my-avto.kz/toyota/,
MY AVTO Search,Toyota,поршни тойота,Exact,https://my-avto.kz/toyota/,
MY AVTO Search,Toyota,кольца поршневые toyota,Exact,https://my-avto.kz/toyota/,
MY AVTO Search,Toyota,кольца поршневые тойота,Exact,https://my-avto.kz/toyota/,
MY AVTO Search,Toyota,вкладыши toyota,Exact,https://my-avto.kz/toyota/,
MY AVTO Search,Toyota,запчасти двигателя toyota,Exact,https://my-avto.kz/toyota/,
MY AVTO Search,Toyota,капремонт двигателя toyota,Exact,https://my-avto.kz/toyota/,
MY AVTO Search,Toyota,поршни тойота купить,Phrase,https://my-avto.kz/toyota/,
MY AVTO Search,Toyota,кольца тойота купить,Phrase,https://my-avto.kz/toyota/,
MY AVTO Search,Toyota,запчасти двигателя toyota,Phrase,https://my-avto.kz/toyota/,
MY AVTO Search,Toyota,капитальный ремонт toyota,Phrase,https://my-avto.kz/toyota/,
MY AVTO Search,Nissan,поршни nissan,Exact,https://my-avto.kz/nissan/,
MY AVTO Search,Nissan,поршни ниссан,Exact,https://my-avto.kz/nissan/,
MY AVTO Search,Nissan,кольца поршневые nissan,Exact,https://my-avto.kz/nissan/,
MY AVTO Search,Nissan,кольца ниссан,Exact,https://my-avto.kz/nissan/,
MY AVTO Search,Nissan,вкладыши nissan,Exact,https://my-avto.kz/nissan/,
MY AVTO Search,Nissan,запчасти двигателя nissan,Exact,https://my-avto.kz/nissan/,
MY AVTO Search,Nissan,поршни ниссан купить,Phrase,https://my-avto.kz/nissan/,
MY AVTO Search,Nissan,кольца ниссан купить,Phrase,https://my-avto.kz/nissan/,
MY AVTO Search,Nissan,капремонт ниссан,Phrase,https://my-avto.kz/nissan/,
MY AVTO Search,Mitsubishi,поршни mitsubishi,Exact,https://my-avto.kz/mitsubishi/,
MY AVTO Search,Mitsubishi,поршни митсубиси,Exact,https://my-avto.kz/mitsubishi/,
MY AVTO Search,Mitsubishi,поршни митсубиши,Exact,https://my-avto.kz/mitsubishi/,
MY AVTO Search,Mitsubishi,кольца mitsubishi,Exact,https://my-avto.kz/mitsubishi/,
MY AVTO Search,Mitsubishi,кольца митсубиси,Exact,https://my-avto.kz/mitsubishi/,
MY AVTO Search,Mitsubishi,вкладыши mitsubishi,Exact,https://my-avto.kz/mitsubishi/,
MY AVTO Search,Mitsubishi,поршни митсубиси купить,Phrase,https://my-avto.kz/mitsubishi/,
MY AVTO Search,Mitsubishi,запчасти двигателя митсубиси,Phrase,https://my-avto.kz/mitsubishi/,
MY AVTO Search,Mazda,поршни mazda,Exact,https://my-avto.kz/mazda/,
MY AVTO Search,Mazda,поршни мазда,Exact,https://my-avto.kz/mazda/,
MY AVTO Search,Mazda,кольца поршневые mazda,Exact,https://my-avto.kz/mazda/,
MY AVTO Search,Mazda,кольца мазда,Exact,https://my-avto.kz/mazda/,
MY AVTO Search,Mazda,вкладыши mazda,Exact,https://my-avto.kz/mazda/,
MY AVTO Search,Mazda,поршни мазда купить,Phrase,https://my-avto.kz/mazda/,
MY AVTO Search,Mazda,запчасти двигателя mazda,Phrase,https://my-avto.kz/mazda/,
MY AVTO Search,Двигатель 1KZ,поршни 1kz,Exact,https://my-avto.kz/toyota/dvigateli/1kz/,
MY AVTO Search,Двигатель 1KZ,кольца 1kz,Exact,https://my-avto.kz/toyota/dvigateli/1kz/,
MY AVTO Search,Двигатель 1KZ,вкладыши 1kz,Exact,https://my-avto.kz/toyota/dvigateli/1kz/,
MY AVTO Search,Двигатель 1KZ,1kz запчасти,Exact,https://my-avto.kz/toyota/dvigateli/1kz/,
MY AVTO Search,Двигатель 2JZ,поршни 2jz,Exact,https://my-avto.kz/toyota/dvigateli/2jz/,
MY AVTO Search,Двигатель 2JZ,кольца 2jz,Exact,https://my-avto.kz/toyota/dvigateli/2jz/,
MY AVTO Search,Двигатель 2JZ,вкладыши 2jz,Exact,https://my-avto.kz/toyota/dvigateli/2jz/,
MY AVTO Search,Двигатель 2JZ,2jz запчасти,Exact,https://my-avto.kz/toyota/dvigateli/2jz/,
MY AVTO Search,Двигатель 1JZ,поршни 1jz,Exact,https://my-avto.kz/toyota/dvigateli/1jz/,
MY AVTO Search,Двигатель 1JZ,кольца 1jz,Exact,https://my-avto.kz/toyota/dvigateli/1jz/,
MY AVTO Search,Двигатель 1JZ,вкладыши 1jz,Exact,https://my-avto.kz/toyota/dvigateli/1jz/,
MY AVTO Search,Двигатель 2GR,поршни 2gr,Exact,https://my-avto.kz/toyota/dvigateli/2gr/,
MY AVTO Search,Двигатель 2GR,кольца 2gr,Exact,https://my-avto.kz/toyota/dvigateli/2gr/,
MY AVTO Search,Двигатель 2GR,вкладыши 2gr,Exact,https://my-avto.kz/toyota/dvigateli/2gr/,
MY AVTO Search,Двигатель 1MZ,поршни 1mz,Exact,https://my-avto.kz/toyota/dvigateli/1mz/,
MY AVTO Search,Двигатель 1MZ,кольца 1mz,Exact,https://my-avto.kz/toyota/dvigateli/1mz/,
MY AVTO Search,Двигатель 1MZ,вкладыши 1mz,Exact,https://my-avto.kz/toyota/dvigateli/1mz/,
MY AVTO Search,Двигатель 2AZ,поршни 2az,Exact,https://my-avto.kz/toyota/dvigateli/2az/,
MY AVTO Search,Двигатель 2AZ,кольца 2az,Exact,https://my-avto.kz/toyota/dvigateli/2az/,
MY AVTO Search,Двигатель 2AZ,вкладыши 2az,Exact,https://my-avto.kz/toyota/dvigateli/2az/,
MY AVTO Search,Двигатель 1ZZ,поршни 1zz,Exact,https://my-avto.kz/toyota/dvigateli/1zz/,
MY AVTO Search,Двигатель 1ZZ,кольца 1zz,Exact,https://my-avto.kz/toyota/dvigateli/1zz/,
MY AVTO Search,Двигатель 2UZ,поршни 2uz,Exact,https://my-avto.kz/toyota/dvigateli/2uz/,
MY AVTO Search,Двигатель 2UZ,кольца 2uz,Exact,https://my-avto.kz/toyota/dvigateli/2uz/,
MY AVTO Search,Двигатель 1GR,поршни 1gr,Exact,https://my-avto.kz/toyota/dvigateli/1gr/,
MY AVTO Search,Двигатель 1GR,кольца 1gr,Exact,https://my-avto.kz/toyota/dvigateli/1gr/,
MY AVTO Search,Двигатель 3S,поршни 3s,Exact,https://my-avto.kz/toyota/dvigateli/3s/,
MY AVTO Search,Двигатель 3S,кольца 3s,Exact,https://my-avto.kz/toyota/dvigateli/3s/,
MY AVTO Search,Двигатель VQ35,поршни vq35,Exact,https://my-avto.kz/nissan/dvigateli/vq35de/,
MY AVTO Search,Двигатель VQ35,кольца vq35,Exact,https://my-avto.kz/nissan/dvigateli/vq35de/,
MY AVTO Search,Двигатель VQ35,вкладыши vq35,Exact,https://my-avto.kz/nissan/dvigateli/vq35de/,
MY AVTO Search,Двигатель VQ35,vq35 поршни купить,Phrase,https://my-avto.kz/nissan/dvigateli/vq35de/,
MY AVTO Search,Двигатель QR20,поршни qr20,Exact,https://my-avto.kz/nissan/dvigateli/qr20/,
MY AVTO Search,Двигатель QR25,поршни qr25,Exact,https://my-avto.kz/nissan/dvigateli/qr25/,
MY AVTO Search,Двигатель QR25,кольца qr25,Exact,https://my-avto.kz/nissan/dvigateli/qr25/,
MY AVTO Search,Двигатель QR25,qr25 кольца,Phrase,https://my-avto.kz/nissan/dvigateli/qr25/,
MY AVTO Search,Двигатель MR20,поршни mr20,Exact,https://my-avto.kz/nissan/dvigateli/mr20/,
MY AVTO Search,Двигатель YD25,поршни yd25,Exact,https://my-avto.kz/nissan/dvigateli/yd25/,
MY AVTO Search,Двигатель YD25,yd25 поршни,Phrase,https://my-avto.kz/nissan/dvigateli/yd25/,
MY AVTO Search,Двигатель QG18,поршни qg18,Exact,https://my-avto.kz/nissan/dvigateli/qg18/,
MY AVTO Search,Двигатель SR20,поршни sr20,Exact,https://my-avto.kz/nissan/dvigateli/sr20/,
MY AVTO Search,Двигатель KA24,поршни ka24,Exact,https://my-avto.kz/nissan/dvigateli/ka24/,
MY AVTO Search,Двигатель VQ25,поршни vq25,Exact,https://my-avto.kz/nissan/dvigateli/vq25de/,
MY AVTO Search,Двигатель VQ30,поршни vq30,Exact,https://my-avto.kz/nissan/dvigateli/vq30de/,
MY AVTO Search,Двигатель EN20,поршни en20,Exact,https://my-avto.kz/nissan/dvigateli/en20b/,
MY AVTO Search,Двигатель 4G63,поршни 4g63,Exact,https://my-avto.kz/mitsubishi/dvigateli/4g63/,
MY AVTO Search,Двигатель 4G63,кольца 4g63,Exact,https://my-avto.kz/mitsubishi/dvigateli/4g63/,
MY AVTO Search,Двигатель 4G63,вкладыши 4g63,Exact,https://my-avto.kz/mitsubishi/dvigateli/4g63/,
MY AVTO Search,Двигатель 4M40,поршни 4m40,Exact,https://my-avto.kz/mitsubishi/dvigateli/4m40/,
MY AVTO Search,Двигатель 4M40,4m40 поршни,Phrase,https://my-avto.kz/mitsubishi/dvigateli/4m40/,
MY AVTO Search,Двигатель 4M41,поршни 4m41,Exact,https://my-avto.kz/mitsubishi/dvigateli/4m41/,
MY AVTO Search,Двигатель 4D56,поршни 4d56,Exact,https://my-avto.kz/mitsubishi/dvigateli/4d56/,
MY AVTO Search,Двигатель 4D56,4d56 поршни купить,Phrase,https://my-avto.kz/mitsubishi/dvigateli/4d56/,
MY AVTO Search,Двигатель 6G72,поршни 6g72,Exact,https://my-avto.kz/mitsubishi/dvigateli/6g72/,
MY AVTO Search,Двигатель 6G74,поршни 6g74,Exact,https://my-avto.kz/mitsubishi/dvigateli/6g74/,
MY AVTO Search,Двигатель 4G93,поршни 4g93,Exact,https://my-avto.kz/mitsubishi/dvigateli/4g93/,
MY AVTO Search,Двигатель 4G94,поршни 4g94,Exact,https://my-avto.kz/mitsubishi/dvigateli/4g94/,
MY AVTO Search,Двигатель 4G15,поршни 4g15,Exact,https://my-avto.kz/mitsubishi/dvigateli/4g15/,
MY AVTO Search,Двигатель Mazda EJ20,поршни ej20,Exact,https://my-avto.kz/mazda/,
MY AVTO Search,Двигатель Mazda ZL,поршни zl,Exact,https://my-avto.kz/mazda/,
MY AVTO Search,Двигатель Mazda ZY,поршни zy,Exact,https://my-avto.kz/mazda/,
MY AVTO Search,Двигатель Mazda L3,поршни l3,Exact,https://my-avto.kz/mazda/,
MY AVTO Search,Двигатель Mazda LF,поршни lf,Exact,https://my-avto.kz/mazda/,
MY AVTO Search,Двигатель Mazda FS,поршни fs,Exact,https://my-avto.kz/mazda/,
MY AVTO Search,Двигатель Mazda WLT,поршни wlt,Exact,https://my-avto.kz/mazda/,
MY AVTO Search,Бренд TEIKIN,teikin поршни,Exact,https://my-avto.kz/brendy/teikin/,
MY AVTO Search,Бренд TEIKIN,teikin кольца,Exact,https://my-avto.kz/brendy/teikin/,
MY AVTO Search,Бренд TEIKIN,поршни teikin,Exact,https://my-avto.kz/brendy/teikin/,
MY AVTO Search,Бренд TEIKIN,кольца teikin,Exact,https://my-avto.kz/brendy/teikin/,
MY AVTO Search,Бренд TEIKIN,teikin алматы,Exact,https://my-avto.kz/brendy/teikin/,
MY AVTO Search,Бренд TEIKIN,teikin кольца купить,Phrase,https://my-avto.kz/brendy/teikin/,
MY AVTO Search,Бренд NPR,npr кольца,Exact,https://my-avto.kz/brendy/npr/,
MY AVTO Search,Бренд NPR,npr поршни,Exact,https://my-avto.kz/brendy/npr/,
MY AVTO Search,Бренд NPR,кольца npr,Exact,https://my-avto.kz/brendy/npr/,
MY AVTO Search,Бренд NPR,npr алматы,Exact,https://my-avto.kz/brendy/npr/,
MY AVTO Search,Бренд NPR,npr кольца купить,Phrase,https://my-avto.kz/brendy/npr/,
MY AVTO Search,Бренд IZUMI,izumi поршни,Exact,https://my-avto.kz/brendy/izumi/,
MY AVTO Search,Бренд IZUMI,izumi кольца,Exact,https://my-avto.kz/brendy/izumi/,
MY AVTO Search,Бренд IZUMI,поршни izumi,Exact,https://my-avto.kz/brendy/izumi/,
MY AVTO Search,Бренд IZUMI,izumi поршни купить,Phrase,https://my-avto.kz/brendy/izumi/,
MY AVTO Search,Бренд RIK,rik кольца,Exact,https://my-avto.kz/brendy/rik/,
MY AVTO Search,Бренд RIK,кольца rik,Exact,https://my-avto.kz/brendy/rik/,
MY AVTO Search,Бренд TP,tp кольца,Exact,https://my-avto.kz/brendy/tp/,
MY AVTO Search,Бренд TP,поршни tp,Exact,https://my-avto.kz/brendy/tp/,
MY AVTO Search,Бренд ND,nd вкладыши,Exact,https://my-avto.kz/brendy/nd/,
MY AVTO Search,Бренд ND,вкладыши nd,Exact,https://my-avto.kz/brendy/nd/,
MY AVTO Search,Гео-Алматы,поршни алматы,Exact,https://my-avto.kz/,
MY AVTO Search,Гео-Алматы,кольца поршневые алматы,Exact,https://my-avto.kz/,
MY AVTO Search,Гео-Алматы,вкладыши алматы,Exact,https://my-avto.kz/,
MY AVTO Search,Гео-Алматы,запчасти двигателя алматы,Exact,https://my-avto.kz/,
MY AVTO Search,Гео-Алматы,капитальный ремонт двигателя алматы,Exact,https://my-avto.kz/,
MY AVTO Search,Гео-Алматы,капремонт двигателя цена,Exact,https://my-avto.kz/,
MY AVTO Search,Гео-Алматы,поршни казахстан,Exact,https://my-avto.kz/,
MY AVTO Search,Гео-Алматы,кольца поршневые казахстан,Exact,https://my-avto.kz/,
MY AVTO Search,Гео-Алматы,запчасти для капремонта алматы,Phrase,https://my-avto.kz/,
MY AVTO Search,Гео-Алматы,купить поршни в алматы,Phrase,https://my-avto.kz/,
MY AVTO Search,Гео-Алматы,кольца поршневые в алматы,Phrase,https://my-avto.kz/,
