Campaign,Ad Group,Keyword,Match Type,Final URL,Labels
MY AVTO Search,Поршни общее,[поршни купить алматы],Exact,https://my-avto.kz/zapchasti/porshni/,
MY AVTO Search,Поршни общее,[купить поршни],Exact,https://my-avto.kz/zapchasti/porshni/,
MY AVTO Search,Поршни общее,[поршни цена],Exact,https://my-avto.kz/zapchasti/porshni/,
MY AVTO Search,Поршни общее,[поршни на двигатель],Exact,https://my-avto.kz/zapchasti/porshni/,
MY AVTO Search,Поршни общее,[поршни для капремонта],Exact,https://my-avto.kz/zapchasti/porshni/,
MY AVTO Search,Поршни общее,[поршни японские],Exact,https://my-avto.kz/zapchasti/porshni/,
MY AVTO Search,Поршни общее,[поршни оригинал],Exact,https://my-avto.kz/zapchasti/porshni/,
MY AVTO Search,Поршни общее,[поршневая группа],Exact,https://my-avto.kz/zapchasti/porshni/,
MY AVTO Search,Поршни общее,[поршни алматы],Exact,https://my-avto.kz/zapchasti/porshni/,
MY AVTO Search,Поршни общее,[поршни казахстан],Exact,https://my-avto.kz/zapchasti/porshni/,
MY AVTO Search,Поршни общее,[поршни для японских авто],Exact,https://my-avto.kz/zapchasti/porshni/,
MY AVTO Search,Поршни общее,[поршни на капремонт],Exact,https://my-avto.kz/zapchasti/porshni/,
MY AVTO Search,Поршни общее,[оригинальные поршни],Exact,https://my-avto.kz/zapchasti/porshni/,
MY AVTO Search,Поршни общее,[поршни в наличии],Exact,https://my-avto.kz/zapchasti/porshni/,
MY AVTO Search,Поршни общее,[купить поршни алматы],Exact,https://my-avto.kz/zapchasti/porshni/,
MY AVTO Search,Кольца общее,[кольца поршневые],Exact,https://my-avto.kz/zapchasti/koltsa-porshnevye/,
MY AVTO Search,Кольца общее,[кольца поршневые купить],Exact,https://my-avto.kz/zapchasti/koltsa-porshnevye/,
MY AVTO Search,Кольца общее,[кольца поршневые цена],Exact,https://my-avto.kz/zapchasti/koltsa-porshnevye/,
MY AVTO Search,Кольца общее,[кольца поршневые алматы],Exact,https://my-avto.kz/zapchasti/koltsa-porshnevye/,
MY AVTO Search,Кольца общее,[кольца на двигатель],Exact,https://my-avto.kz/zapchasti/koltsa-porshnevye/,
MY AVTO Search,Кольца общее,[кольца компрессионные],Exact,https://my-avto.kz/zapchasti/koltsa-porshnevye/,
MY AVTO Search,Кольца общее,[маслосъёмные кольца],Exact,https://my-avto.kz/zapchasti/koltsa-porshnevye/,
MY AVTO Search,Кольца общее,[поршневые кольца оригинал],Exact,https://my-avto.kz/zapchasti/koltsa-porshnevye/,
MY AVTO Search,Кольца общее,[комплект колец на двигатель],Exact,https://my-avto.kz/zapchasti/koltsa-porshnevye/,
MY AVTO Search,Кольца общее,[поршневые кольца купить],Exact,https://my-avto.kz/zapchasti/koltsa-porshnevye/,
MY AVTO Search,Кольца общее,[купить кольца алматы],Exact,https://my-avto.kz/zapchasti/koltsa-porshnevye/,
MY AVTO Search,Кольца общее,[кольца на капремонт],Exact,https://my-avto.kz/zapchasti/koltsa-porshnevye/,
MY AVTO Search,Вкладыши общее,[вкладыши коренные],Exact,https://my-avto.kz/zapchasti/vkladyshi/,
MY AVTO Search,Вкладыши общее,[вкладыши шатунные],Exact,https://my-avto.kz/zapchasti/vkladyshi/,
MY AVTO Search,Вкладыши общее,[вкладыши купить],Exact,https://my-avto.kz/zapchasti/vkladyshi/,
MY AVTO Search,Вкладыши общее,[вкладыши цена],Exact,https://my-avto.kz/zapchasti/vkladyshi/,
MY AVTO Search,Вкладыши общее,[вкладыши на двигатель],Exact,https://my-avto.kz/zapchasti/vkladyshi/,
MY AVTO Search,Вкладыши общее,[вкладыши taiho],Exact,https://my-avto.kz/zapchasti/vkladyshi/,
MY AVTO Search,Вкладыши общее,[вкладыши ndc],Exact,https://my-avto.kz/zapchasti/vkladyshi/,
MY AVTO Search,Вкладыши общее,[вкладыши daido],Exact,https://my-avto.kz/zapchasti/vkladyshi/,
MY AVTO Search,Вкладыши общее,[вкладыши алматы],Exact,https://my-avto.kz/zapchasti/vkladyshi/,
MY AVTO Search,Вкладыши общее,[вкладыши казахстан],Exact,https://my-avto.kz/zapchasti/vkladyshi/,
MY AVTO Search,Вкладыши общее,[купить вкладыши алматы],Exact,https://my-avto.kz/zapchasti/vkladyshi/,
MY AVTO Search,Вкладыши общее,[вкладыши на капремонт],Exact,https://my-avto.kz/zapchasti/vkladyshi/,
MY AVTO Search,Вкладыши общее,[комплект вкладышей],Exact,https://my-avto.kz/zapchasti/vkladyshi/,
MY AVTO Search,Гео-Алматы,[запчасти для капремонта алматы],Exact,https://my-avto.kz/,
MY AVTO Search,Гео-Алматы,[магазин запчастей алматы],Exact,https://my-avto.kz/,
MY AVTO Search,Гео-Алматы,[запчасти на японские авто алматы],Exact,https://my-avto.kz/,
MY AVTO Search,Гео-Алматы,[японские запчасти алматы],Exact,https://my-avto.kz/,
MY AVTO Search,Гео-Алматы,[запчасти двигателя алматы],Exact,https://my-avto.kz/,
MY AVTO Search,Гео-Алматы,[поршни вкладыши алматы],Exact,https://my-avto.kz/,
MY AVTO Search,Гео-Алматы,[carcity запчасти],Exact,https://my-avto.kz/,
MY AVTO Search,Гео-Алматы,[my avto алматы],Exact,https://my-avto.kz/,
MY AVTO Search,Гео-Алматы,[купить запчасти двигателя алматы],Exact,https://my-avto.kz/,
MY AVTO Search,Гео-Алматы,[магазин японских запчастей алматы],Exact,https://my-avto.kz/,
MY AVTO Search,Гео-Алматы,[запчасти capcity бутик 135],Exact,https://my-avto.kz/,
MY AVTO Search,Гео-Алматы,[myavto kz],Exact,https://my-avto.kz/,
MY AVTO Search,Двигатель 1KZ,[1kz поршни],Exact,https://my-avto.kz/toyota/dvigateli/1kz/,
MY AVTO Search,Двигатель 1KZ,[1kz кольца],Exact,https://my-avto.kz/toyota/dvigateli/1kz/,
MY AVTO Search,Двигатель 1KZ,[1kz вкладыши],Exact,https://my-avto.kz/toyota/dvigateli/1kz/,
MY AVTO Search,Двигатель 1KZ,[1kz ремкомплект],Exact,https://my-avto.kz/toyota/dvigateli/1kz/,
MY AVTO Search,Двигатель 1KZ,[1kz прокладки],Exact,https://my-avto.kz/toyota/dvigateli/1kz/,
MY AVTO Search,Двигатель 1KZ,[1kz запчасти],Exact,https://my-avto.kz/toyota/dvigateli/1kz/,
MY AVTO Search,Двигатель 1KZ,[запчасти 1kz],Exact,https://my-avto.kz/toyota/dvigateli/1kz/,
MY AVTO Search,Двигатель 1KZ,[капремонт 1kz],Exact,https://my-avto.kz/toyota/dvigateli/1kz/,
MY AVTO Search,Двигатель 1KZ,[поршни 1kz],Exact,https://my-avto.kz/toyota/dvigateli/1kz/,
MY AVTO Search,Двигатель 1KZ,[кольца 1kz],Exact,https://my-avto.kz/toyota/dvigateli/1kz/,
MY AVTO Search,Двигатель 1KZ,[вкладыши на 1kz],Exact,https://my-avto.kz/toyota/dvigateli/1kz/,
MY AVTO Search,Двигатель 1KZ,[купить запчасти 1kz],Exact,https://my-avto.kz/toyota/dvigateli/1kz/,
MY AVTO Search,Двигатель 1KZ,[1kz алматы],Exact,https://my-avto.kz/toyota/dvigateli/1kz/,
MY AVTO Search,Двигатель 1KZ,[1kz цена],Exact,https://my-avto.kz/toyota/dvigateli/1kz/,
MY AVTO Search,Двигатель 2JZ,[2jz поршни],Exact,https://my-avto.kz/toyota/dvigateli/2jz/,
MY AVTO Search,Двигатель 2JZ,[2jz кольца],Exact,https://my-avto.kz/toyota/dvigateli/2jz/,
MY AVTO Search,Двигатель 2JZ,[2jz вкладыши],Exact,https://my-avto.kz/toyota/dvigateli/2jz/,
MY AVTO Search,Двигатель 2JZ,[2jz ремкомплект],Exact,https://my-avto.kz/toyota/dvigateli/2jz/,
MY AVTO Search,Двигатель 2JZ,[2jz прокладки],Exact,https://my-avto.kz/toyota/dvigateli/2jz/,
MY AVTO Search,Двигатель 2JZ,[2jz запчасти],Exact,https://my-avto.kz/toyota/dvigateli/2jz/,
MY AVTO Search,Двигатель 2JZ,[запчасти 2jz],Exact,https://my-avto.kz/toyota/dvigateli/2jz/,
MY AVTO Search,Двигатель 2JZ,[капремонт 2jz],Exact,https://my-avto.kz/toyota/dvigateli/2jz/,
MY AVTO Search,Двигатель 2JZ,[поршни 2jz],Exact,https://my-avto.kz/toyota/dvigateli/2jz/,
MY AVTO Search,Двигатель 2JZ,[кольца 2jz],Exact,https://my-avto.kz/toyota/dvigateli/2jz/,
MY AVTO Search,Двигатель 2JZ,[вкладыши на 2jz],Exact,https://my-avto.kz/toyota/dvigateli/2jz/,
MY AVTO Search,Двигатель 2JZ,[купить запчасти 2jz],Exact,https://my-avto.kz/toyota/dvigateli/2jz/,
MY AVTO Search,Двигатель 2JZ,[2jz алматы],Exact,https://my-avto.kz/toyota/dvigateli/2jz/,
MY AVTO Search,Двигатель 2JZ,[2jz цена],Exact,https://my-avto.kz/toyota/dvigateli/2jz/,
MY AVTO Search,Двигатель 1JZ,[1jz поршни],Exact,https://my-avto.kz/toyota/dvigateli/1jz/,
MY AVTO Search,Двигатель 1JZ,[1jz кольца],Exact,https://my-avto.kz/toyota/dvigateli/1jz/,
MY AVTO Search,Двигатель 1JZ,[1jz вкладыши],Exact,https://my-avto.kz/toyota/dvigateli/1jz/,
MY AVTO Search,Двигатель 1JZ,[1jz ремкомплект],Exact,https://my-avto.kz/toyota/dvigateli/1jz/,
MY AVTO Search,Двигатель 1JZ,[1jz прокладки],Exact,https://my-avto.kz/toyota/dvigateli/1jz/,
MY AVTO Search,Двигатель 1JZ,[1jz запчасти],Exact,https://my-avto.kz/toyota/dvigateli/1jz/,
MY AVTO Search,Двигатель 1JZ,[запчасти 1jz],Exact,https://my-avto.kz/toyota/dvigateli/1jz/,
MY AVTO Search,Двигатель 1JZ,[капремонт 1jz],Exact,https://my-avto.kz/toyota/dvigateli/1jz/,
MY AVTO Search,Двигатель 1JZ,[поршни 1jz],Exact,https://my-avto.kz/toyota/dvigateli/1jz/,
MY AVTO Search,Двигатель 1JZ,[кольца 1jz],Exact,https://my-avto.kz/toyota/dvigateli/1jz/,
MY AVTO Search,Двигатель 1JZ,[вкладыши на 1jz],Exact,https://my-avto.kz/toyota/dvigateli/1jz/,
MY AVTO Search,Двигатель 1JZ,[купить запчасти 1jz],Exact,https://my-avto.kz/toyota/dvigateli/1jz/,
MY AVTO Search,Двигатель 1JZ,[1jz алматы],Exact,https://my-avto.kz/toyota/dvigateli/1jz/,
MY AVTO Search,Двигатель 1JZ,[1jz цена],Exact,https://my-avto.kz/toyota/dvigateli/1jz/,
MY AVTO Search,Двигатель 1ZZ,[1zz поршни],Exact,https://my-avto.kz/toyota/dvigateli/1zz/,
MY AVTO Search,Двигатель 1ZZ,[1zz кольца],Exact,https://my-avto.kz/toyota/dvigateli/1zz/,
MY AVTO Search,Двигатель 1ZZ,[1zz вкладыши],Exact,https://my-avto.kz/toyota/dvigateli/1zz/,
MY AVTO Search,Двигатель 1ZZ,[1zz ремкомплект],Exact,https://my-avto.kz/toyota/dvigateli/1zz/,
MY AVTO Search,Двигатель 1ZZ,[1zz прокладки],Exact,https://my-avto.kz/toyota/dvigateli/1zz/,
MY AVTO Search,Двигатель 1ZZ,[1zz запчасти],Exact,https://my-avto.kz/toyota/dvigateli/1zz/,
MY AVTO Search,Двигатель 1ZZ,[запчасти 1zz],Exact,https://my-avto.kz/toyota/dvigateli/1zz/,
MY AVTO Search,Двигатель 1ZZ,[капремонт 1zz],Exact,https://my-avto.kz/toyota/dvigateli/1zz/,
MY AVTO Search,Двигатель 1ZZ,[поршни 1zz],Exact,https://my-avto.kz/toyota/dvigateli/1zz/,
MY AVTO Search,Двигатель 1ZZ,[кольца 1zz],Exact,https://my-avto.kz/toyota/dvigateli/1zz/,
MY AVTO Search,Двигатель 1ZZ,[вкладыши на 1zz],Exact,https://my-avto.kz/toyota/dvigateli/1zz/,
MY AVTO Search,Двигатель 1ZZ,[купить запчасти 1zz],Exact,https://my-avto.kz/toyota/dvigateli/1zz/,
MY AVTO Search,Двигатель 1ZZ,[1zz алматы],Exact,https://my-avto.kz/toyota/dvigateli/1zz/,
MY AVTO Search,Двигатель 1ZZ,[1zz цена],Exact,https://my-avto.kz/toyota/dvigateli/1zz/,
MY AVTO Search,Двигатель 2AZ,[2az поршни],Exact,https://my-avto.kz/toyota/dvigateli/2az/,
MY AVTO Search,Двигатель 2AZ,[2az кольца],Exact,https://my-avto.kz/toyota/dvigateli/2az/,
MY AVTO Search,Двигатель 2AZ,[2az вкладыши],Exact,https://my-avto.kz/toyota/dvigateli/2az/,
MY AVTO Search,Двигатель 2AZ,[2az ремкомплект],Exact,https://my-avto.kz/toyota/dvigateli/2az/,
MY AVTO Search,Двигатель 2AZ,[2az прокладки],Exact,https://my-avto.kz/toyota/dvigateli/2az/,
MY AVTO Search,Двигатель 2AZ,[2az запчасти],Exact,https://my-avto.kz/toyota/dvigateli/2az/,
MY AVTO Search,Двигатель 2AZ,[запчасти 2az],Exact,https://my-avto.kz/toyota/dvigateli/2az/,
MY AVTO Search,Двигатель 2AZ,[капремонт 2az],Exact,https://my-avto.kz/toyota/dvigateli/2az/,
MY AVTO Search,Двигатель 2AZ,[поршни 2az],Exact,https://my-avto.kz/toyota/dvigateli/2az/,
MY AVTO Search,Двигатель 2AZ,[кольца 2az],Exact,https://my-avto.kz/toyota/dvigateli/2az/,
MY AVTO Search,Двигатель 2AZ,[вкладыши на 2az],Exact,https://my-avto.kz/toyota/dvigateli/2az/,
MY AVTO Search,Двигатель 2AZ,[купить запчасти 2az],Exact,https://my-avto.kz/toyota/dvigateli/2az/,
MY AVTO Search,Двигатель 2AZ,[2az алматы],Exact,https://my-avto.kz/toyota/dvigateli/2az/,
MY AVTO Search,Двигатель 2AZ,[2az цена],Exact,https://my-avto.kz/toyota/dvigateli/2az/,
MY AVTO Search,Двигатель 1MZ,[1mz поршни],Exact,https://my-avto.kz/toyota/dvigateli/1mz/,
MY AVTO Search,Двигатель 1MZ,[1mz кольца],Exact,https://my-avto.kz/toyota/dvigateli/1mz/,
MY AVTO Search,Двигатель 1MZ,[1mz вкладыши],Exact,https://my-avto.kz/toyota/dvigateli/1mz/,
MY AVTO Search,Двигатель 1MZ,[1mz ремкомплект],Exact,https://my-avto.kz/toyota/dvigateli/1mz/,
MY AVTO Search,Двигатель 1MZ,[1mz прокладки],Exact,https://my-avto.kz/toyota/dvigateli/1mz/,
MY AVTO Search,Двигатель 1MZ,[1mz запчасти],Exact,https://my-avto.kz/toyota/dvigateli/1mz/,
MY AVTO Search,Двигатель 1MZ,[запчасти 1mz],Exact,https://my-avto.kz/toyota/dvigateli/1mz/,
MY AVTO Search,Двигатель 1MZ,[капремонт 1mz],Exact,https://my-avto.kz/toyota/dvigateli/1mz/,
MY AVTO Search,Двигатель 1MZ,[поршни 1mz],Exact,https://my-avto.kz/toyota/dvigateli/1mz/,
MY AVTO Search,Двигатель 1MZ,[кольца 1mz],Exact,https://my-avto.kz/toyota/dvigateli/1mz/,
MY AVTO Search,Двигатель 1MZ,[вкладыши на 1mz],Exact,https://my-avto.kz/toyota/dvigateli/1mz/,
MY AVTO Search,Двигатель 1MZ,[купить запчасти 1mz],Exact,https://my-avto.kz/toyota/dvigateli/1mz/,
MY AVTO Search,Двигатель 1MZ,[1mz алматы],Exact,https://my-avto.kz/toyota/dvigateli/1mz/,
MY AVTO Search,Двигатель 1MZ,[1mz цена],Exact,https://my-avto.kz/toyota/dvigateli/1mz/,
MY AVTO Search,Двигатель 2GR,[2gr поршни],Exact,https://my-avto.kz/toyota/dvigateli/2gr/,
MY AVTO Search,Двигатель 2GR,[2gr кольца],Exact,https://my-avto.kz/toyota/dvigateli/2gr/,
MY AVTO Search,Двигатель 2GR,[2gr вкладыши],Exact,https://my-avto.kz/toyota/dvigateli/2gr/,
MY AVTO Search,Двигатель 2GR,[2gr ремкомплект],Exact,https://my-avto.kz/toyota/dvigateli/2gr/,
MY AVTO Search,Двигатель 2GR,[2gr прокладки],Exact,https://my-avto.kz/toyota/dvigateli/2gr/,
MY AVTO Search,Двигатель 2GR,[2gr запчасти],Exact,https://my-avto.kz/toyota/dvigateli/2gr/,
MY AVTO Search,Двигатель 2GR,[запчасти 2gr],Exact,https://my-avto.kz/toyota/dvigateli/2gr/,
MY AVTO Search,Двигатель 2GR,[капремонт 2gr],Exact,https://my-avto.kz/toyota/dvigateli/2gr/,
MY AVTO Search,Двигатель 2GR,[поршни 2gr],Exact,https://my-avto.kz/toyota/dvigateli/2gr/,
MY AVTO Search,Двигатель 2GR,[кольца 2gr],Exact,https://my-avto.kz/toyota/dvigateli/2gr/,
MY AVTO Search,Двигатель 2GR,[вкладыши на 2gr],Exact,https://my-avto.kz/toyota/dvigateli/2gr/,
MY AVTO Search,Двигатель 2GR,[купить запчасти 2gr],Exact,https://my-avto.kz/toyota/dvigateli/2gr/,
MY AVTO Search,Двигатель 2GR,[2gr алматы],Exact,https://my-avto.kz/toyota/dvigateli/2gr/,
MY AVTO Search,Двигатель 2GR,[2gr цена],Exact,https://my-avto.kz/toyota/dvigateli/2gr/,
MY AVTO Search,Двигатель 1GR,[1gr поршни],Exact,https://my-avto.kz/toyota/dvigateli/1gr/,
MY AVTO Search,Двигатель 1GR,[1gr кольца],Exact,https://my-avto.kz/toyota/dvigateli/1gr/,
MY AVTO Search,Двигатель 1GR,[1gr вкладыши],Exact,https://my-avto.kz/toyota/dvigateli/1gr/,
MY AVTO Search,Двигатель 1GR,[1gr ремкомплект],Exact,https://my-avto.kz/toyota/dvigateli/1gr/,
MY AVTO Search,Двигатель 1GR,[1gr прокладки],Exact,https://my-avto.kz/toyota/dvigateli/1gr/,
MY AVTO Search,Двигатель 1GR,[1gr запчасти],Exact,https://my-avto.kz/toyota/dvigateli/1gr/,
MY AVTO Search,Двигатель 1GR,[запчасти 1gr],Exact,https://my-avto.kz/toyota/dvigateli/1gr/,
MY AVTO Search,Двигатель 1GR,[капремонт 1gr],Exact,https://my-avto.kz/toyota/dvigateli/1gr/,
MY AVTO Search,Двигатель 1GR,[поршни 1gr],Exact,https://my-avto.kz/toyota/dvigateli/1gr/,
MY AVTO Search,Двигатель 1GR,[кольца 1gr],Exact,https://my-avto.kz/toyota/dvigateli/1gr/,
MY AVTO Search,Двигатель 1GR,[вкладыши на 1gr],Exact,https://my-avto.kz/toyota/dvigateli/1gr/,
MY AVTO Search,Двигатель 1GR,[купить запчасти 1gr],Exact,https://my-avto.kz/toyota/dvigateli/1gr/,
MY AVTO Search,Двигатель 1GR,[1gr алматы],Exact,https://my-avto.kz/toyota/dvigateli/1gr/,
MY AVTO Search,Двигатель 1GR,[1gr цена],Exact,https://my-avto.kz/toyota/dvigateli/1gr/,
MY AVTO Search,Двигатель 2UZ,[2uz поршни],Exact,https://my-avto.kz/toyota/dvigateli/2uz/,
MY AVTO Search,Двигатель 2UZ,[2uz кольца],Exact,https://my-avto.kz/toyota/dvigateli/2uz/,
MY AVTO Search,Двигатель 2UZ,[2uz вкладыши],Exact,https://my-avto.kz/toyota/dvigateli/2uz/,
MY AVTO Search,Двигатель 2UZ,[2uz ремкомплект],Exact,https://my-avto.kz/toyota/dvigateli/2uz/,
MY AVTO Search,Двигатель 2UZ,[2uz прокладки],Exact,https://my-avto.kz/toyota/dvigateli/2uz/,
MY AVTO Search,Двигатель 2UZ,[2uz запчасти],Exact,https://my-avto.kz/toyota/dvigateli/2uz/,
MY AVTO Search,Двигатель 2UZ,[запчасти 2uz],Exact,https://my-avto.kz/toyota/dvigateli/2uz/,
MY AVTO Search,Двигатель 2UZ,[капремонт 2uz],Exact,https://my-avto.kz/toyota/dvigateli/2uz/,
MY AVTO Search,Двигатель 2UZ,[поршни 2uz],Exact,https://my-avto.kz/toyota/dvigateli/2uz/,
MY AVTO Search,Двигатель 2UZ,[кольца 2uz],Exact,https://my-avto.kz/toyota/dvigateli/2uz/,
MY AVTO Search,Двигатель 2UZ,[вкладыши на 2uz],Exact,https://my-avto.kz/toyota/dvigateli/2uz/,
MY AVTO Search,Двигатель 2UZ,[купить запчасти 2uz],Exact,https://my-avto.kz/toyota/dvigateli/2uz/,
MY AVTO Search,Двигатель 2UZ,[2uz алматы],Exact,https://my-avto.kz/toyota/dvigateli/2uz/,
MY AVTO Search,Двигатель 2UZ,[2uz цена],Exact,https://my-avto.kz/toyota/dvigateli/2uz/,
MY AVTO Search,Двигатель 3S,[3s поршни],Exact,https://my-avto.kz/toyota/dvigateli/3s/,
MY AVTO Search,Двигатель 3S,[3s кольца],Exact,https://my-avto.kz/toyota/dvigateli/3s/,
MY AVTO Search,Двигатель 3S,[3s вкладыши],Exact,https://my-avto.kz/toyota/dvigateli/3s/,
MY AVTO Search,Двигатель 3S,[3s ремкомплект],Exact,https://my-avto.kz/toyota/dvigateli/3s/,
MY AVTO Search,Двигатель 3S,[3s прокладки],Exact,https://my-avto.kz/toyota/dvigateli/3s/,
MY AVTO Search,Двигатель 3S,[3s запчасти],Exact,https://my-avto.kz/toyota/dvigateli/3s/,
MY AVTO Search,Двигатель 3S,[запчасти 3s],Exact,https://my-avto.kz/toyota/dvigateli/3s/,
MY AVTO Search,Двигатель 3S,[капремонт 3s],Exact,https://my-avto.kz/toyota/dvigateli/3s/,
MY AVTO Search,Двигатель 3S,[поршни 3s],Exact,https://my-avto.kz/toyota/dvigateli/3s/,
MY AVTO Search,Двигатель 3S,[кольца 3s],Exact,https://my-avto.kz/toyota/dvigateli/3s/,
MY AVTO Search,Двигатель 3S,[вкладыши на 3s],Exact,https://my-avto.kz/toyota/dvigateli/3s/,
MY AVTO Search,Двигатель 3S,[купить запчасти 3s],Exact,https://my-avto.kz/toyota/dvigateli/3s/,
MY AVTO Search,Двигатель 3S,[3s алматы],Exact,https://my-avto.kz/toyota/dvigateli/3s/,
MY AVTO Search,Двигатель 3S,[3s цена],Exact,https://my-avto.kz/toyota/dvigateli/3s/,
MY AVTO Search,Двигатель 4D56,[4d56 поршни],Exact,https://my-avto.kz/mitsubishi/dvigateli/4d56/,
MY AVTO Search,Двигатель 4D56,[4d56 кольца],Exact,https://my-avto.kz/mitsubishi/dvigateli/4d56/,
MY AVTO Search,Двигатель 4D56,[4d56 вкладыши],Exact,https://my-avto.kz/mitsubishi/dvigateli/4d56/,
MY AVTO Search,Двигатель 4D56,[4d56 ремкомплект],Exact,https://my-avto.kz/mitsubishi/dvigateli/4d56/,
MY AVTO Search,Двигатель 4D56,[4d56 прокладки],Exact,https://my-avto.kz/mitsubishi/dvigateli/4d56/,
MY AVTO Search,Двигатель 4D56,[4d56 запчасти],Exact,https://my-avto.kz/mitsubishi/dvigateli/4d56/,
MY AVTO Search,Двигатель 4D56,[запчасти 4d56],Exact,https://my-avto.kz/mitsubishi/dvigateli/4d56/,
MY AVTO Search,Двигатель 4D56,[капремонт 4d56],Exact,https://my-avto.kz/mitsubishi/dvigateli/4d56/,
MY AVTO Search,Двигатель 4D56,[поршни 4d56],Exact,https://my-avto.kz/mitsubishi/dvigateli/4d56/,
MY AVTO Search,Двигатель 4D56,[кольца 4d56],Exact,https://my-avto.kz/mitsubishi/dvigateli/4d56/,
MY AVTO Search,Двигатель 4D56,[вкладыши на 4d56],Exact,https://my-avto.kz/mitsubishi/dvigateli/4d56/,
MY AVTO Search,Двигатель 4D56,[купить запчасти 4d56],Exact,https://my-avto.kz/mitsubishi/dvigateli/4d56/,
MY AVTO Search,Двигатель 4D56,[4d56 алматы],Exact,https://my-avto.kz/mitsubishi/dvigateli/4d56/,
MY AVTO Search,Двигатель 4D56,[4d56 цена],Exact,https://my-avto.kz/mitsubishi/dvigateli/4d56/,
MY AVTO Search,Двигатель 4M40,[4m40 поршни],Exact,https://my-avto.kz/mitsubishi/dvigateli/4m40/,
MY AVTO Search,Двигатель 4M40,[4m40 кольца],Exact,https://my-avto.kz/mitsubishi/dvigateli/4m40/,
MY AVTO Search,Двигатель 4M40,[4m40 вкладыши],Exact,https://my-avto.kz/mitsubishi/dvigateli/4m40/,
MY AVTO Search,Двигатель 4M40,[4m40 ремкомплект],Exact,https://my-avto.kz/mitsubishi/dvigateli/4m40/,
MY AVTO Search,Двигатель 4M40,[4m40 прокладки],Exact,https://my-avto.kz/mitsubishi/dvigateli/4m40/,
MY AVTO Search,Двигатель 4M40,[4m40 запчасти],Exact,https://my-avto.kz/mitsubishi/dvigateli/4m40/,
MY AVTO Search,Двигатель 4M40,[запчасти 4m40],Exact,https://my-avto.kz/mitsubishi/dvigateli/4m40/,
MY AVTO Search,Двигатель 4M40,[капремонт 4m40],Exact,https://my-avto.kz/mitsubishi/dvigateli/4m40/,
MY AVTO Search,Двигатель 4M40,[поршни 4m40],Exact,https://my-avto.kz/mitsubishi/dvigateli/4m40/,
MY AVTO Search,Двигатель 4M40,[кольца 4m40],Exact,https://my-avto.kz/mitsubishi/dvigateli/4m40/,
MY AVTO Search,Двигатель 4M40,[вкладыши на 4m40],Exact,https://my-avto.kz/mitsubishi/dvigateli/4m40/,
MY AVTO Search,Двигатель 4M40,[купить запчасти 4m40],Exact,https://my-avto.kz/mitsubishi/dvigateli/4m40/,
MY AVTO Search,Двигатель 4M40,[4m40 алматы],Exact,https://my-avto.kz/mitsubishi/dvigateli/4m40/,
MY AVTO Search,Двигатель 4M40,[4m40 цена],Exact,https://my-avto.kz/mitsubishi/dvigateli/4m40/,
MY AVTO Search,Двигатель 4M41,[4m41 поршни],Exact,https://my-avto.kz/mitsubishi/dvigateli/4m41/,
MY AVTO Search,Двигатель 4M41,[4m41 кольца],Exact,https://my-avto.kz/mitsubishi/dvigateli/4m41/,
MY AVTO Search,Двигатель 4M41,[4m41 вкладыши],Exact,https://my-avto.kz/mitsubishi/dvigateli/4m41/,
MY AVTO Search,Двигатель 4M41,[4m41 ремкомплект],Exact,https://my-avto.kz/mitsubishi/dvigateli/4m41/,
MY AVTO Search,Двигатель 4M41,[4m41 прокладки],Exact,https://my-avto.kz/mitsubishi/dvigateli/4m41/,
MY AVTO Search,Двигатель 4M41,[4m41 запчасти],Exact,https://my-avto.kz/mitsubishi/dvigateli/4m41/,
MY AVTO Search,Двигатель 4M41,[запчасти 4m41],Exact,https://my-avto.kz/mitsubishi/dvigateli/4m41/,
MY AVTO Search,Двигатель 4M41,[капремонт 4m41],Exact,https://my-avto.kz/mitsubishi/dvigateli/4m41/,
MY AVTO Search,Двигатель 4M41,[поршни 4m41],Exact,https://my-avto.kz/mitsubishi/dvigateli/4m41/,
MY AVTO Search,Двигатель 4M41,[кольца 4m41],Exact,https://my-avto.kz/mitsubishi/dvigateli/4m41/,
MY AVTO Search,Двигатель 4M41,[вкладыши на 4m41],Exact,https://my-avto.kz/mitsubishi/dvigateli/4m41/,
MY AVTO Search,Двигатель 4M41,[купить запчасти 4m41],Exact,https://my-avto.kz/mitsubishi/dvigateli/4m41/,
MY AVTO Search,Двигатель 4M41,[4m41 алматы],Exact,https://my-avto.kz/mitsubishi/dvigateli/4m41/,
MY AVTO Search,Двигатель 4M41,[4m41 цена],Exact,https://my-avto.kz/mitsubishi/dvigateli/4m41/,
MY AVTO Search,Двигатель 4G63,[4g63 поршни],Exact,https://my-avto.kz/mitsubishi/dvigateli/4g63/,
MY AVTO Search,Двигатель 4G63,[4g63 кольца],Exact,https://my-avto.kz/mitsubishi/dvigateli/4g63/,
MY AVTO Search,Двигатель 4G63,[4g63 вкладыши],Exact,https://my-avto.kz/mitsubishi/dvigateli/4g63/,
MY AVTO Search,Двигатель 4G63,[4g63 ремкомплект],Exact,https://my-avto.kz/mitsubishi/dvigateli/4g63/,
MY AVTO Search,Двигатель 4G63,[4g63 прокладки],Exact,https://my-avto.kz/mitsubishi/dvigateli/4g63/,
MY AVTO Search,Двигатель 4G63,[4g63 запчасти],Exact,https://my-avto.kz/mitsubishi/dvigateli/4g63/,
MY AVTO Search,Двигатель 4G63,[запчасти 4g63],Exact,https://my-avto.kz/mitsubishi/dvigateli/4g63/,
MY AVTO Search,Двигатель 4G63,[капремонт 4g63],Exact,https://my-avto.kz/mitsubishi/dvigateli/4g63/,
MY AVTO Search,Двигатель 4G63,[поршни 4g63],Exact,https://my-avto.kz/mitsubishi/dvigateli/4g63/,
MY AVTO Search,Двигатель 4G63,[кольца 4g63],Exact,https://my-avto.kz/mitsubishi/dvigateli/4g63/,
MY AVTO Search,Двигатель 4G63,[вкладыши на 4g63],Exact,https://my-avto.kz/mitsubishi/dvigateli/4g63/,
MY AVTO Search,Двигатель 4G63,[купить запчасти 4g63],Exact,https://my-avto.kz/mitsubishi/dvigateli/4g63/,
MY AVTO Search,Двигатель 4G63,[4g63 алматы],Exact,https://my-avto.kz/mitsubishi/dvigateli/4g63/,
MY AVTO Search,Двигатель 4G63,[4g63 цена],Exact,https://my-avto.kz/mitsubishi/dvigateli/4g63/,
MY AVTO Search,Двигатель 4G93,[4g93 поршни],Exact,https://my-avto.kz/mitsubishi/dvigateli/4g93/,
MY AVTO Search,Двигатель 4G93,[4g93 кольца],Exact,https://my-avto.kz/mitsubishi/dvigateli/4g93/,
MY AVTO Search,Двигатель 4G93,[4g93 вкладыши],Exact,https://my-avto.kz/mitsubishi/dvigateli/4g93/,
MY AVTO Search,Двигатель 4G93,[4g93 ремкомплект],Exact,https://my-avto.kz/mitsubishi/dvigateli/4g93/,
MY AVTO Search,Двигатель 4G93,[4g93 прокладки],Exact,https://my-avto.kz/mitsubishi/dvigateli/4g93/,
MY AVTO Search,Двигатель 4G93,[4g93 запчасти],Exact,https://my-avto.kz/mitsubishi/dvigateli/4g93/,
MY AVTO Search,Двигатель 4G93,[запчасти 4g93],Exact,https://my-avto.kz/mitsubishi/dvigateli/4g93/,
MY AVTO Search,Двигатель 4G93,[капремонт 4g93],Exact,https://my-avto.kz/mitsubishi/dvigateli/4g93/,
MY AVTO Search,Двигатель 4G93,[поршни 4g93],Exact,https://my-avto.kz/mitsubishi/dvigateli/4g93/,
MY AVTO Search,Двигатель 4G93,[кольца 4g93],Exact,https://my-avto.kz/mitsubishi/dvigateli/4g93/,
MY AVTO Search,Двигатель 4G93,[вкладыши на 4g93],Exact,https://my-avto.kz/mitsubishi/dvigateli/4g93/,
MY AVTO Search,Двигатель 4G93,[купить запчасти 4g93],Exact,https://my-avto.kz/mitsubishi/dvigateli/4g93/,
MY AVTO Search,Двигатель 4G93,[4g93 алматы],Exact,https://my-avto.kz/mitsubishi/dvigateli/4g93/,
MY AVTO Search,Двигатель 4G93,[4g93 цена],Exact,https://my-avto.kz/mitsubishi/dvigateli/4g93/,
MY AVTO Search,Двигатель 4G94,[4g94 поршни],Exact,https://my-avto.kz/mitsubishi/dvigateli/4g94/,
MY AVTO Search,Двигатель 4G94,[4g94 кольца],Exact,https://my-avto.kz/mitsubishi/dvigateli/4g94/,
MY AVTO Search,Двигатель 4G94,[4g94 вкладыши],Exact,https://my-avto.kz/mitsubishi/dvigateli/4g94/,
MY AVTO Search,Двигатель 4G94,[4g94 ремкомплект],Exact,https://my-avto.kz/mitsubishi/dvigateli/4g94/,
MY AVTO Search,Двигатель 4G94,[4g94 прокладки],Exact,https://my-avto.kz/mitsubishi/dvigateli/4g94/,
MY AVTO Search,Двигатель 4G94,[4g94 запчасти],Exact,https://my-avto.kz/mitsubishi/dvigateli/4g94/,
MY AVTO Search,Двигатель 4G94,[запчасти 4g94],Exact,https://my-avto.kz/mitsubishi/dvigateli/4g94/,
MY AVTO Search,Двигатель 4G94,[капремонт 4g94],Exact,https://my-avto.kz/mitsubishi/dvigateli/4g94/,
MY AVTO Search,Двигатель 4G94,[поршни 4g94],Exact,https://my-avto.kz/mitsubishi/dvigateli/4g94/,
MY AVTO Search,Двигатель 4G94,[кольца 4g94],Exact,https://my-avto.kz/mitsubishi/dvigateli/4g94/,
MY AVTO Search,Двигатель 4G94,[вкладыши на 4g94],Exact,https://my-avto.kz/mitsubishi/dvigateli/4g94/,
MY AVTO Search,Двигатель 4G94,[купить запчасти 4g94],Exact,https://my-avto.kz/mitsubishi/dvigateli/4g94/,
MY AVTO Search,Двигатель 4G94,[4g94 алматы],Exact,https://my-avto.kz/mitsubishi/dvigateli/4g94/,
MY AVTO Search,Двигатель 4G94,[4g94 цена],Exact,https://my-avto.kz/mitsubishi/dvigateli/4g94/,
MY AVTO Search,Двигатель 4G15,[4g15 поршни],Exact,https://my-avto.kz/mitsubishi/dvigateli/4g15/,
MY AVTO Search,Двигатель 4G15,[4g15 кольца],Exact,https://my-avto.kz/mitsubishi/dvigateli/4g15/,
MY AVTO Search,Двигатель 4G15,[4g15 вкладыши],Exact,https://my-avto.kz/mitsubishi/dvigateli/4g15/,
MY AVTO Search,Двигатель 4G15,[4g15 ремкомплект],Exact,https://my-avto.kz/mitsubishi/dvigateli/4g15/,
MY AVTO Search,Двигатель 4G15,[4g15 прокладки],Exact,https://my-avto.kz/mitsubishi/dvigateli/4g15/,
MY AVTO Search,Двигатель 4G15,[4g15 запчасти],Exact,https://my-avto.kz/mitsubishi/dvigateli/4g15/,
MY AVTO Search,Двигатель 4G15,[запчасти 4g15],Exact,https://my-avto.kz/mitsubishi/dvigateli/4g15/,
MY AVTO Search,Двигатель 4G15,[капремонт 4g15],Exact,https://my-avto.kz/mitsubishi/dvigateli/4g15/,
MY AVTO Search,Двигатель 4G15,[поршни 4g15],Exact,https://my-avto.kz/mitsubishi/dvigateli/4g15/,
MY AVTO Search,Двигатель 4G15,[кольца 4g15],Exact,https://my-avto.kz/mitsubishi/dvigateli/4g15/,
MY AVTO Search,Двигатель 4G15,[вкладыши на 4g15],Exact,https://my-avto.kz/mitsubishi/dvigateli/4g15/,
MY AVTO Search,Двигатель 4G15,[купить запчасти 4g15],Exact,https://my-avto.kz/mitsubishi/dvigateli/4g15/,
MY AVTO Search,Двигатель 4G15,[4g15 алматы],Exact,https://my-avto.kz/mitsubishi/dvigateli/4g15/,
MY AVTO Search,Двигатель 4G15,[4g15 цена],Exact,https://my-avto.kz/mitsubishi/dvigateli/4g15/,
MY AVTO Search,Двигатель 6G72,[6g72 поршни],Exact,https://my-avto.kz/mitsubishi/dvigateli/6g72/,
MY AVTO Search,Двигатель 6G72,[6g72 кольца],Exact,https://my-avto.kz/mitsubishi/dvigateli/6g72/,
MY AVTO Search,Двигатель 6G72,[6g72 вкладыши],Exact,https://my-avto.kz/mitsubishi/dvigateli/6g72/,
MY AVTO Search,Двигатель 6G72,[6g72 ремкомплект],Exact,https://my-avto.kz/mitsubishi/dvigateli/6g72/,
MY AVTO Search,Двигатель 6G72,[6g72 прокладки],Exact,https://my-avto.kz/mitsubishi/dvigateli/6g72/,
MY AVTO Search,Двигатель 6G72,[6g72 запчасти],Exact,https://my-avto.kz/mitsubishi/dvigateli/6g72/,
MY AVTO Search,Двигатель 6G72,[запчасти 6g72],Exact,https://my-avto.kz/mitsubishi/dvigateli/6g72/,
MY AVTO Search,Двигатель 6G72,[капремонт 6g72],Exact,https://my-avto.kz/mitsubishi/dvigateli/6g72/,
MY AVTO Search,Двигатель 6G72,[поршни 6g72],Exact,https://my-avto.kz/mitsubishi/dvigateli/6g72/,
MY AVTO Search,Двигатель 6G72,[кольца 6g72],Exact,https://my-avto.kz/mitsubishi/dvigateli/6g72/,
MY AVTO Search,Двигатель 6G72,[вкладыши на 6g72],Exact,https://my-avto.kz/mitsubishi/dvigateli/6g72/,
MY AVTO Search,Двигатель 6G72,[купить запчасти 6g72],Exact,https://my-avto.kz/mitsubishi/dvigateli/6g72/,
MY AVTO Search,Двигатель 6G72,[6g72 алматы],Exact,https://my-avto.kz/mitsubishi/dvigateli/6g72/,
MY AVTO Search,Двигатель 6G72,[6g72 цена],Exact,https://my-avto.kz/mitsubishi/dvigateli/6g72/,
MY AVTO Search,Двигатель 6G74,[6g74 поршни],Exact,https://my-avto.kz/mitsubishi/dvigateli/6g74/,
MY AVTO Search,Двигатель 6G74,[6g74 кольца],Exact,https://my-avto.kz/mitsubishi/dvigateli/6g74/,
MY AVTO Search,Двигатель 6G74,[6g74 вкладыши],Exact,https://my-avto.kz/mitsubishi/dvigateli/6g74/,
MY AVTO Search,Двигатель 6G74,[6g74 ремкомплект],Exact,https://my-avto.kz/mitsubishi/dvigateli/6g74/,
MY AVTO Search,Двигатель 6G74,[6g74 прокладки],Exact,https://my-avto.kz/mitsubishi/dvigateli/6g74/,
MY AVTO Search,Двигатель 6G74,[6g74 запчасти],Exact,https://my-avto.kz/mitsubishi/dvigateli/6g74/,
MY AVTO Search,Двигатель 6G74,[запчасти 6g74],Exact,https://my-avto.kz/mitsubishi/dvigateli/6g74/,
MY AVTO Search,Двигатель 6G74,[капремонт 6g74],Exact,https://my-avto.kz/mitsubishi/dvigateli/6g74/,
MY AVTO Search,Двигатель 6G74,[поршни 6g74],Exact,https://my-avto.kz/mitsubishi/dvigateli/6g74/,
MY AVTO Search,Двигатель 6G74,[кольца 6g74],Exact,https://my-avto.kz/mitsubishi/dvigateli/6g74/,
MY AVTO Search,Двигатель 6G74,[вкладыши на 6g74],Exact,https://my-avto.kz/mitsubishi/dvigateli/6g74/,
MY AVTO Search,Двигатель 6G74,[купить запчасти 6g74],Exact,https://my-avto.kz/mitsubishi/dvigateli/6g74/,
MY AVTO Search,Двигатель 6G74,[6g74 алматы],Exact,https://my-avto.kz/mitsubishi/dvigateli/6g74/,
MY AVTO Search,Двигатель 6G74,[6g74 цена],Exact,https://my-avto.kz/mitsubishi/dvigateli/6g74/,
MY AVTO Search,Двигатель YD25,[yd25 поршни],Exact,https://my-avto.kz/nissan/dvigateli/yd25/,
MY AVTO Search,Двигатель YD25,[yd25 кольца],Exact,https://my-avto.kz/nissan/dvigateli/yd25/,
MY AVTO Search,Двигатель YD25,[yd25 вкладыши],Exact,https://my-avto.kz/nissan/dvigateli/yd25/,
MY AVTO Search,Двигатель YD25,[yd25 ремкомплект],Exact,https://my-avto.kz/nissan/dvigateli/yd25/,
MY AVTO Search,Двигатель YD25,[yd25 прокладки],Exact,https://my-avto.kz/nissan/dvigateli/yd25/,
MY AVTO Search,Двигатель YD25,[yd25 запчасти],Exact,https://my-avto.kz/nissan/dvigateli/yd25/,
MY AVTO Search,Двигатель YD25,[запчасти yd25],Exact,https://my-avto.kz/nissan/dvigateli/yd25/,
MY AVTO Search,Двигатель YD25,[капремонт yd25],Exact,https://my-avto.kz/nissan/dvigateli/yd25/,
MY AVTO Search,Двигатель YD25,[поршни yd25],Exact,https://my-avto.kz/nissan/dvigateli/yd25/,
MY AVTO Search,Двигатель YD25,[кольца yd25],Exact,https://my-avto.kz/nissan/dvigateli/yd25/,
MY AVTO Search,Двигатель YD25,[вкладыши на yd25],Exact,https://my-avto.kz/nissan/dvigateli/yd25/,
MY AVTO Search,Двигатель YD25,[купить запчасти yd25],Exact,https://my-avto.kz/nissan/dvigateli/yd25/,
MY AVTO Search,Двигатель YD25,[yd25 алматы],Exact,https://my-avto.kz/nissan/dvigateli/yd25/,
MY AVTO Search,Двигатель YD25,[yd25 цена],Exact,https://my-avto.kz/nissan/dvigateli/yd25/,
MY AVTO Search,Двигатель KA24,[ka24 поршни],Exact,https://my-avto.kz/nissan/dvigateli/ka24/,
MY AVTO Search,Двигатель KA24,[ka24 кольца],Exact,https://my-avto.kz/nissan/dvigateli/ka24/,
MY AVTO Search,Двигатель KA24,[ka24 вкладыши],Exact,https://my-avto.kz/nissan/dvigateli/ka24/,
MY AVTO Search,Двигатель KA24,[ka24 ремкомплект],Exact,https://my-avto.kz/nissan/dvigateli/ka24/,
MY AVTO Search,Двигатель KA24,[ka24 прокладки],Exact,https://my-avto.kz/nissan/dvigateli/ka24/,
MY AVTO Search,Двигатель KA24,[ka24 запчасти],Exact,https://my-avto.kz/nissan/dvigateli/ka24/,
MY AVTO Search,Двигатель KA24,[запчасти ka24],Exact,https://my-avto.kz/nissan/dvigateli/ka24/,
MY AVTO Search,Двигатель KA24,[капремонт ka24],Exact,https://my-avto.kz/nissan/dvigateli/ka24/,
MY AVTO Search,Двигатель KA24,[поршни ka24],Exact,https://my-avto.kz/nissan/dvigateli/ka24/,
MY AVTO Search,Двигатель KA24,[кольца ka24],Exact,https://my-avto.kz/nissan/dvigateli/ka24/,
MY AVTO Search,Двигатель KA24,[вкладыши на ka24],Exact,https://my-avto.kz/nissan/dvigateli/ka24/,
MY AVTO Search,Двигатель KA24,[купить запчасти ka24],Exact,https://my-avto.kz/nissan/dvigateli/ka24/,
MY AVTO Search,Двигатель KA24,[ka24 алматы],Exact,https://my-avto.kz/nissan/dvigateli/ka24/,
MY AVTO Search,Двигатель KA24,[ka24 цена],Exact,https://my-avto.kz/nissan/dvigateli/ka24/,
MY AVTO Search,Двигатель QR20,[qr20 поршни],Exact,https://my-avto.kz/nissan/dvigateli/qr20/,
MY AVTO Search,Двигатель QR20,[qr20 кольца],Exact,https://my-avto.kz/nissan/dvigateli/qr20/,
MY AVTO Search,Двигатель QR20,[qr20 вкладыши],Exact,https://my-avto.kz/nissan/dvigateli/qr20/,
MY AVTO Search,Двигатель QR20,[qr20 ремкомплект],Exact,https://my-avto.kz/nissan/dvigateli/qr20/,
MY AVTO Search,Двигатель QR20,[qr20 прокладки],Exact,https://my-avto.kz/nissan/dvigateli/qr20/,
MY AVTO Search,Двигатель QR20,[qr20 запчасти],Exact,https://my-avto.kz/nissan/dvigateli/qr20/,
MY AVTO Search,Двигатель QR20,[запчасти qr20],Exact,https://my-avto.kz/nissan/dvigateli/qr20/,
MY AVTO Search,Двигатель QR20,[капремонт qr20],Exact,https://my-avto.kz/nissan/dvigateli/qr20/,
MY AVTO Search,Двигатель QR20,[поршни qr20],Exact,https://my-avto.kz/nissan/dvigateli/qr20/,
MY AVTO Search,Двигатель QR20,[кольца qr20],Exact,https://my-avto.kz/nissan/dvigateli/qr20/,
MY AVTO Search,Двигатель QR20,[вкладыши на qr20],Exact,https://my-avto.kz/nissan/dvigateli/qr20/,
MY AVTO Search,Двигатель QR20,[купить запчасти qr20],Exact,https://my-avto.kz/nissan/dvigateli/qr20/,
MY AVTO Search,Двигатель QR20,[qr20 алматы],Exact,https://my-avto.kz/nissan/dvigateli/qr20/,
MY AVTO Search,Двигатель QR20,[qr20 цена],Exact,https://my-avto.kz/nissan/dvigateli/qr20/,
MY AVTO Search,Двигатель QR25,[qr25 поршни],Exact,https://my-avto.kz/nissan/dvigateli/qr25/,
MY AVTO Search,Двигатель QR25,[qr25 кольца],Exact,https://my-avto.kz/nissan/dvigateli/qr25/,
MY AVTO Search,Двигатель QR25,[qr25 вкладыши],Exact,https://my-avto.kz/nissan/dvigateli/qr25/,
MY AVTO Search,Двигатель QR25,[qr25 ремкомплект],Exact,https://my-avto.kz/nissan/dvigateli/qr25/,
MY AVTO Search,Двигатель QR25,[qr25 прокладки],Exact,https://my-avto.kz/nissan/dvigateli/qr25/,
MY AVTO Search,Двигатель QR25,[qr25 запчасти],Exact,https://my-avto.kz/nissan/dvigateli/qr25/,
MY AVTO Search,Двигатель QR25,[запчасти qr25],Exact,https://my-avto.kz/nissan/dvigateli/qr25/,
MY AVTO Search,Двигатель QR25,[капремонт qr25],Exact,https://my-avto.kz/nissan/dvigateli/qr25/,
MY AVTO Search,Двигатель QR25,[поршни qr25],Exact,https://my-avto.kz/nissan/dvigateli/qr25/,
MY AVTO Search,Двигатель QR25,[кольца qr25],Exact,https://my-avto.kz/nissan/dvigateli/qr25/,
MY AVTO Search,Двигатель QR25,[вкладыши на qr25],Exact,https://my-avto.kz/nissan/dvigateli/qr25/,
MY AVTO Search,Двигатель QR25,[купить запчасти qr25],Exact,https://my-avto.kz/nissan/dvigateli/qr25/,
MY AVTO Search,Двигатель QR25,[qr25 алматы],Exact,https://my-avto.kz/nissan/dvigateli/qr25/,
MY AVTO Search,Двигатель QR25,[qr25 цена],Exact,https://my-avto.kz/nissan/dvigateli/qr25/,
MY AVTO Search,Двигатель QG18,[qg18 поршни],Exact,https://my-avto.kz/nissan/dvigateli/qg18/,
MY AVTO Search,Двигатель QG18,[qg18 кольца],Exact,https://my-avto.kz/nissan/dvigateli/qg18/,
MY AVTO Search,Двигатель QG18,[qg18 вкладыши],Exact,https://my-avto.kz/nissan/dvigateli/qg18/,
MY AVTO Search,Двигатель QG18,[qg18 ремкомплект],Exact,https://my-avto.kz/nissan/dvigateli/qg18/,
MY AVTO Search,Двигатель QG18,[qg18 прокладки],Exact,https://my-avto.kz/nissan/dvigateli/qg18/,
MY AVTO Search,Двигатель QG18,[qg18 запчасти],Exact,https://my-avto.kz/nissan/dvigateli/qg18/,
MY AVTO Search,Двигатель QG18,[запчасти qg18],Exact,https://my-avto.kz/nissan/dvigateli/qg18/,
MY AVTO Search,Двигатель QG18,[капремонт qg18],Exact,https://my-avto.kz/nissan/dvigateli/qg18/,
MY AVTO Search,Двигатель QG18,[поршни qg18],Exact,https://my-avto.kz/nissan/dvigateli/qg18/,
MY AVTO Search,Двигатель QG18,[кольца qg18],Exact,https://my-avto.kz/nissan/dvigateli/qg18/,
MY AVTO Search,Двигатель QG18,[вкладыши на qg18],Exact,https://my-avto.kz/nissan/dvigateli/qg18/,
MY AVTO Search,Двигатель QG18,[купить запчасти qg18],Exact,https://my-avto.kz/nissan/dvigateli/qg18/,
MY AVTO Search,Двигатель QG18,[qg18 алматы],Exact,https://my-avto.kz/nissan/dvigateli/qg18/,
MY AVTO Search,Двигатель QG18,[qg18 цена],Exact,https://my-avto.kz/nissan/dvigateli/qg18/,
MY AVTO Search,Двигатель SR20,[sr20 поршни],Exact,https://my-avto.kz/nissan/dvigateli/sr20/,
MY AVTO Search,Двигатель SR20,[sr20 кольца],Exact,https://my-avto.kz/nissan/dvigateli/sr20/,
MY AVTO Search,Двигатель SR20,[sr20 вкладыши],Exact,https://my-avto.kz/nissan/dvigateli/sr20/,
MY AVTO Search,Двигатель SR20,[sr20 ремкомплект],Exact,https://my-avto.kz/nissan/dvigateli/sr20/,
MY AVTO Search,Двигатель SR20,[sr20 прокладки],Exact,https://my-avto.kz/nissan/dvigateli/sr20/,
MY AVTO Search,Двигатель SR20,[sr20 запчасти],Exact,https://my-avto.kz/nissan/dvigateli/sr20/,
MY AVTO Search,Двигатель SR20,[запчасти sr20],Exact,https://my-avto.kz/nissan/dvigateli/sr20/,
MY AVTO Search,Двигатель SR20,[капремонт sr20],Exact,https://my-avto.kz/nissan/dvigateli/sr20/,
MY AVTO Search,Двигатель SR20,[поршни sr20],Exact,https://my-avto.kz/nissan/dvigateli/sr20/,
MY AVTO Search,Двигатель SR20,[кольца sr20],Exact,https://my-avto.kz/nissan/dvigateli/sr20/,
MY AVTO Search,Двигатель SR20,[вкладыши на sr20],Exact,https://my-avto.kz/nissan/dvigateli/sr20/,
MY AVTO Search,Двигатель SR20,[купить запчасти sr20],Exact,https://my-avto.kz/nissan/dvigateli/sr20/,
MY AVTO Search,Двигатель SR20,[sr20 алматы],Exact,https://my-avto.kz/nissan/dvigateli/sr20/,
MY AVTO Search,Двигатель SR20,[sr20 цена],Exact,https://my-avto.kz/nissan/dvigateli/sr20/,
MY AVTO Search,Двигатель MR20,[mr20 поршни],Exact,https://my-avto.kz/nissan/dvigateli/mr20/,
MY AVTO Search,Двигатель MR20,[mr20 кольца],Exact,https://my-avto.kz/nissan/dvigateli/mr20/,
MY AVTO Search,Двигатель MR20,[mr20 вкладыши],Exact,https://my-avto.kz/nissan/dvigateli/mr20/,
MY AVTO Search,Двигатель MR20,[mr20 ремкомплект],Exact,https://my-avto.kz/nissan/dvigateli/mr20/,
MY AVTO Search,Двигатель MR20,[mr20 прокладки],Exact,https://my-avto.kz/nissan/dvigateli/mr20/,
MY AVTO Search,Двигатель MR20,[mr20 запчасти],Exact,https://my-avto.kz/nissan/dvigateli/mr20/,
MY AVTO Search,Двигатель MR20,[запчасти mr20],Exact,https://my-avto.kz/nissan/dvigateli/mr20/,
MY AVTO Search,Двигатель MR20,[капремонт mr20],Exact,https://my-avto.kz/nissan/dvigateli/mr20/,
MY AVTO Search,Двигатель MR20,[поршни mr20],Exact,https://my-avto.kz/nissan/dvigateli/mr20/,
MY AVTO Search,Двигатель MR20,[кольца mr20],Exact,https://my-avto.kz/nissan/dvigateli/mr20/,
MY AVTO Search,Двигатель MR20,[вкладыши на mr20],Exact,https://my-avto.kz/nissan/dvigateli/mr20/,
MY AVTO Search,Двигатель MR20,[купить запчасти mr20],Exact,https://my-avto.kz/nissan/dvigateli/mr20/,
MY AVTO Search,Двигатель MR20,[mr20 алматы],Exact,https://my-avto.kz/nissan/dvigateli/mr20/,
MY AVTO Search,Двигатель MR20,[mr20 цена],Exact,https://my-avto.kz/nissan/dvigateli/mr20/,
MY AVTO Search,Двигатель VQ25,[vq25 поршни],Exact,https://my-avto.kz/nissan/dvigateli/vq25de/,
MY AVTO Search,Двигатель VQ25,[vq25 кольца],Exact,https://my-avto.kz/nissan/dvigateli/vq25de/,
MY AVTO Search,Двигатель VQ25,[vq25 вкладыши],Exact,https://my-avto.kz/nissan/dvigateli/vq25de/,
MY AVTO Search,Двигатель VQ25,[vq25 ремкомплект],Exact,https://my-avto.kz/nissan/dvigateli/vq25de/,
MY AVTO Search,Двигатель VQ25,[vq25 прокладки],Exact,https://my-avto.kz/nissan/dvigateli/vq25de/,
MY AVTO Search,Двигатель VQ25,[vq25 запчасти],Exact,https://my-avto.kz/nissan/dvigateli/vq25de/,
MY AVTO Search,Двигатель VQ25,[запчасти vq25],Exact,https://my-avto.kz/nissan/dvigateli/vq25de/,
MY AVTO Search,Двигатель VQ25,[капремонт vq25],Exact,https://my-avto.kz/nissan/dvigateli/vq25de/,
MY AVTO Search,Двигатель VQ25,[поршни vq25],Exact,https://my-avto.kz/nissan/dvigateli/vq25de/,
MY AVTO Search,Двигатель VQ25,[кольца vq25],Exact,https://my-avto.kz/nissan/dvigateli/vq25de/,
MY AVTO Search,Двигатель VQ25,[вкладыши на vq25],Exact,https://my-avto.kz/nissan/dvigateli/vq25de/,
MY AVTO Search,Двигатель VQ25,[купить запчасти vq25],Exact,https://my-avto.kz/nissan/dvigateli/vq25de/,
MY AVTO Search,Двигатель VQ25,[vq25 алматы],Exact,https://my-avto.kz/nissan/dvigateli/vq25de/,
MY AVTO Search,Двигатель VQ25,[vq25 цена],Exact,https://my-avto.kz/nissan/dvigateli/vq25de/,
MY AVTO Search,Двигатель VQ30,[vq30 поршни],Exact,https://my-avto.kz/nissan/dvigateli/vq30de/,
MY AVTO Search,Двигатель VQ30,[vq30 кольца],Exact,https://my-avto.kz/nissan/dvigateli/vq30de/,
MY AVTO Search,Двигатель VQ30,[vq30 вкладыши],Exact,https://my-avto.kz/nissan/dvigateli/vq30de/,
MY AVTO Search,Двигатель VQ30,[vq30 ремкомплект],Exact,https://my-avto.kz/nissan/dvigateli/vq30de/,
MY AVTO Search,Двигатель VQ30,[vq30 прокладки],Exact,https://my-avto.kz/nissan/dvigateli/vq30de/,
MY AVTO Search,Двигатель VQ30,[vq30 запчасти],Exact,https://my-avto.kz/nissan/dvigateli/vq30de/,
MY AVTO Search,Двигатель VQ30,[запчасти vq30],Exact,https://my-avto.kz/nissan/dvigateli/vq30de/,
MY AVTO Search,Двигатель VQ30,[капремонт vq30],Exact,https://my-avto.kz/nissan/dvigateli/vq30de/,
MY AVTO Search,Двигатель VQ30,[поршни vq30],Exact,https://my-avto.kz/nissan/dvigateli/vq30de/,
MY AVTO Search,Двигатель VQ30,[кольца vq30],Exact,https://my-avto.kz/nissan/dvigateli/vq30de/,
MY AVTO Search,Двигатель VQ30,[вкладыши на vq30],Exact,https://my-avto.kz/nissan/dvigateli/vq30de/,
MY AVTO Search,Двигатель VQ30,[купить запчасти vq30],Exact,https://my-avto.kz/nissan/dvigateli/vq30de/,
MY AVTO Search,Двигатель VQ30,[vq30 алматы],Exact,https://my-avto.kz/nissan/dvigateli/vq30de/,
MY AVTO Search,Двигатель VQ30,[vq30 цена],Exact,https://my-avto.kz/nissan/dvigateli/vq30de/,
MY AVTO Search,Двигатель VQ35,[vq35 поршни],Exact,https://my-avto.kz/nissan/dvigateli/vq35de/,
MY AVTO Search,Двигатель VQ35,[vq35 кольца],Exact,https://my-avto.kz/nissan/dvigateli/vq35de/,
MY AVTO Search,Двигатель VQ35,[vq35 вкладыши],Exact,https://my-avto.kz/nissan/dvigateli/vq35de/,
MY AVTO Search,Двигатель VQ35,[vq35 ремкомплект],Exact,https://my-avto.kz/nissan/dvigateli/vq35de/,
MY AVTO Search,Двигатель VQ35,[vq35 прокладки],Exact,https://my-avto.kz/nissan/dvigateli/vq35de/,
MY AVTO Search,Двигатель VQ35,[vq35 запчасти],Exact,https://my-avto.kz/nissan/dvigateli/vq35de/,
MY AVTO Search,Двигатель VQ35,[запчасти vq35],Exact,https://my-avto.kz/nissan/dvigateli/vq35de/,
MY AVTO Search,Двигатель VQ35,[капремонт vq35],Exact,https://my-avto.kz/nissan/dvigateli/vq35de/,
MY AVTO Search,Двигатель VQ35,[поршни vq35],Exact,https://my-avto.kz/nissan/dvigateli/vq35de/,
MY AVTO Search,Двигатель VQ35,[кольца vq35],Exact,https://my-avto.kz/nissan/dvigateli/vq35de/,
MY AVTO Search,Двигатель VQ35,[вкладыши на vq35],Exact,https://my-avto.kz/nissan/dvigateli/vq35de/,
MY AVTO Search,Двигатель VQ35,[купить запчасти vq35],Exact,https://my-avto.kz/nissan/dvigateli/vq35de/,
MY AVTO Search,Двигатель VQ35,[vq35 алматы],Exact,https://my-avto.kz/nissan/dvigateli/vq35de/,
MY AVTO Search,Двигатель VQ35,[vq35 цена],Exact,https://my-avto.kz/nissan/dvigateli/vq35de/,
MY AVTO Search,Двигатель EN20,[en20 поршни],Exact,https://my-avto.kz/nissan/dvigateli/en20b/,
MY AVTO Search,Двигатель EN20,[en20 кольца],Exact,https://my-avto.kz/nissan/dvigateli/en20b/,
MY AVTO Search,Двигатель EN20,[en20 вкладыши],Exact,https://my-avto.kz/nissan/dvigateli/en20b/,
MY AVTO Search,Двигатель EN20,[en20 ремкомплект],Exact,https://my-avto.kz/nissan/dvigateli/en20b/,
MY AVTO Search,Двигатель EN20,[en20 прокладки],Exact,https://my-avto.kz/nissan/dvigateli/en20b/,
MY AVTO Search,Двигатель EN20,[en20 запчасти],Exact,https://my-avto.kz/nissan/dvigateli/en20b/,
MY AVTO Search,Двигатель EN20,[запчасти en20],Exact,https://my-avto.kz/nissan/dvigateli/en20b/,
MY AVTO Search,Двигатель EN20,[капремонт en20],Exact,https://my-avto.kz/nissan/dvigateli/en20b/,
MY AVTO Search,Двигатель EN20,[поршни en20],Exact,https://my-avto.kz/nissan/dvigateli/en20b/,
MY AVTO Search,Двигатель EN20,[кольца en20],Exact,https://my-avto.kz/nissan/dvigateli/en20b/,
MY AVTO Search,Двигатель EN20,[вкладыши на en20],Exact,https://my-avto.kz/nissan/dvigateli/en20b/,
MY AVTO Search,Двигатель EN20,[купить запчасти en20],Exact,https://my-avto.kz/nissan/dvigateli/en20b/,
MY AVTO Search,Двигатель EN20,[en20 алматы],Exact,https://my-avto.kz/nissan/dvigateli/en20b/,
MY AVTO Search,Двигатель EN20,[en20 цена],Exact,https://my-avto.kz/nissan/dvigateli/en20b/,
MY AVTO Search,Двигатель Mazda EJ20,[mazda ej20 поршни],Exact,https://my-avto.kz/mazda/,
MY AVTO Search,Двигатель Mazda EJ20,[mazda ej20 кольца],Exact,https://my-avto.kz/mazda/,
MY AVTO Search,Двигатель Mazda EJ20,[mazda ej20 вкладыши],Exact,https://my-avto.kz/mazda/,
MY AVTO Search,Двигатель Mazda EJ20,[mazda ej20 ремкомплект],Exact,https://my-avto.kz/mazda/,
MY AVTO Search,Двигатель Mazda EJ20,[mazda ej20 запчасти],Exact,https://my-avto.kz/mazda/,
MY AVTO Search,Двигатель Mazda EJ20,[mazda ej20 капремонт],Exact,https://my-avto.kz/mazda/,
MY AVTO Search,Двигатель Mazda EJ20,[mazda ej20 прокладки],Exact,https://my-avto.kz/mazda/,
MY AVTO Search,Двигатель Mazda EJ20,[mazda ej20 алматы],Exact,https://my-avto.kz/mazda/,
MY AVTO Search,Двигатель Mazda EJ20,[запчасти mazda ej20],Exact,https://my-avto.kz/mazda/,
MY AVTO Search,Двигатель Mazda FS,[mazda fs поршни],Exact,https://my-avto.kz/mazda/,
MY AVTO Search,Двигатель Mazda FS,[mazda fs кольца],Exact,https://my-avto.kz/mazda/,
MY AVTO Search,Двигатель Mazda FS,[mazda fs вкладыши],Exact,https://my-avto.kz/mazda/,
MY AVTO Search,Двигатель Mazda FS,[mazda fs ремкомплект],Exact,https://my-avto.kz/mazda/,
MY AVTO Search,Двигатель Mazda FS,[mazda fs запчасти],Exact,https://my-avto.kz/mazda/,
MY AVTO Search,Двигатель Mazda FS,[mazda fs капремонт],Exact,https://my-avto.kz/mazda/,
MY AVTO Search,Двигатель Mazda FS,[mazda fs прокладки],Exact,https://my-avto.kz/mazda/,
MY AVTO Search,Двигатель Mazda FS,[mazda fs алматы],Exact,https://my-avto.kz/mazda/,
MY AVTO Search,Двигатель Mazda FS,[запчасти mazda fs],Exact,https://my-avto.kz/mazda/,
MY AVTO Search,Двигатель Mazda L3,[mazda l3 поршни],Exact,https://my-avto.kz/mazda/,
MY AVTO Search,Двигатель Mazda L3,[mazda l3 кольца],Exact,https://my-avto.kz/mazda/,
MY AVTO Search,Двигатель Mazda L3,[mazda l3 вкладыши],Exact,https://my-avto.kz/mazda/,
MY AVTO Search,Двигатель Mazda L3,[mazda l3 ремкомплект],Exact,https://my-avto.kz/mazda/,
MY AVTO Search,Двигатель Mazda L3,[mazda l3 запчасти],Exact,https://my-avto.kz/mazda/,
MY AVTO Search,Двигатель Mazda L3,[mazda l3 капремонт],Exact,https://my-avto.kz/mazda/,
MY AVTO Search,Двигатель Mazda L3,[mazda l3 прокладки],Exact,https://my-avto.kz/mazda/,
MY AVTO Search,Двигатель Mazda L3,[mazda l3 алматы],Exact,https://my-avto.kz/mazda/,
MY AVTO Search,Двигатель Mazda L3,[запчасти mazda l3],Exact,https://my-avto.kz/mazda/,
MY AVTO Search,Двигатель Mazda LF,[mazda lf поршни],Exact,https://my-avto.kz/mazda/,
MY AVTO Search,Двигатель Mazda LF,[mazda lf кольца],Exact,https://my-avto.kz/mazda/,
MY AVTO Search,Двигатель Mazda LF,[mazda lf вкладыши],Exact,https://my-avto.kz/mazda/,
MY AVTO Search,Двигатель Mazda LF,[mazda lf ремкомплект],Exact,https://my-avto.kz/mazda/,
MY AVTO Search,Двигатель Mazda LF,[mazda lf запчасти],Exact,https://my-avto.kz/mazda/,
MY AVTO Search,Двигатель Mazda LF,[mazda lf капремонт],Exact,https://my-avto.kz/mazda/,
MY AVTO Search,Двигатель Mazda LF,[mazda lf прокладки],Exact,https://my-avto.kz/mazda/,
MY AVTO Search,Двигатель Mazda LF,[mazda lf алматы],Exact,https://my-avto.kz/mazda/,
MY AVTO Search,Двигатель Mazda LF,[запчасти mazda lf],Exact,https://my-avto.kz/mazda/,
MY AVTO Search,Двигатель Mazda WLT,[mazda wlt поршни],Exact,https://my-avto.kz/mazda/,
MY AVTO Search,Двигатель Mazda WLT,[mazda wlt кольца],Exact,https://my-avto.kz/mazda/,
MY AVTO Search,Двигатель Mazda WLT,[mazda wlt вкладыши],Exact,https://my-avto.kz/mazda/,
MY AVTO Search,Двигатель Mazda WLT,[mazda wlt ремкомплект],Exact,https://my-avto.kz/mazda/,
MY AVTO Search,Двигатель Mazda WLT,[mazda wlt запчасти],Exact,https://my-avto.kz/mazda/,
MY AVTO Search,Двигатель Mazda WLT,[mazda wlt капремонт],Exact,https://my-avto.kz/mazda/,
MY AVTO Search,Двигатель Mazda WLT,[mazda wlt прокладки],Exact,https://my-avto.kz/mazda/,
MY AVTO Search,Двигатель Mazda WLT,[mazda wlt алматы],Exact,https://my-avto.kz/mazda/,
MY AVTO Search,Двигатель Mazda WLT,[запчасти mazda wlt],Exact,https://my-avto.kz/mazda/,
MY AVTO Search,Двигатель Mazda ZL,[mazda zl поршни],Exact,https://my-avto.kz/mazda/,
MY AVTO Search,Двигатель Mazda ZL,[mazda zl кольца],Exact,https://my-avto.kz/mazda/,
MY AVTO Search,Двигатель Mazda ZL,[mazda zl вкладыши],Exact,https://my-avto.kz/mazda/,
MY AVTO Search,Двигатель Mazda ZL,[mazda zl ремкомплект],Exact,https://my-avto.kz/mazda/,
MY AVTO Search,Двигатель Mazda ZL,[mazda zl запчасти],Exact,https://my-avto.kz/mazda/,
MY AVTO Search,Двигатель Mazda ZL,[mazda zl капремонт],Exact,https://my-avto.kz/mazda/,
MY AVTO Search,Двигатель Mazda ZL,[mazda zl прокладки],Exact,https://my-avto.kz/mazda/,
MY AVTO Search,Двигатель Mazda ZL,[mazda zl алматы],Exact,https://my-avto.kz/mazda/,
MY AVTO Search,Двигатель Mazda ZL,[запчасти mazda zl],Exact,https://my-avto.kz/mazda/,
MY AVTO Search,Двигатель Mazda ZY,[mazda zy поршни],Exact,https://my-avto.kz/mazda/,
MY AVTO Search,Двигатель Mazda ZY,[mazda zy кольца],Exact,https://my-avto.kz/mazda/,
MY AVTO Search,Двигатель Mazda ZY,[mazda zy вкладыши],Exact,https://my-avto.kz/mazda/,
MY AVTO Search,Двигатель Mazda ZY,[mazda zy ремкомплект],Exact,https://my-avto.kz/mazda/,
MY AVTO Search,Двигатель Mazda ZY,[mazda zy запчасти],Exact,https://my-avto.kz/mazda/,
MY AVTO Search,Двигатель Mazda ZY,[mazda zy капремонт],Exact,https://my-avto.kz/mazda/,
MY AVTO Search,Двигатель Mazda ZY,[mazda zy прокладки],Exact,https://my-avto.kz/mazda/,
MY AVTO Search,Двигатель Mazda ZY,[mazda zy алматы],Exact,https://my-avto.kz/mazda/,
MY AVTO Search,Двигатель Mazda ZY,[запчасти mazda zy],Exact,https://my-avto.kz/mazda/,
MY AVTO Search,Бренд TEIKIN,[teikin поршни],Exact,https://my-avto.kz/brendy/teikin/,
MY AVTO Search,Бренд TEIKIN,[teikin кольца],Exact,https://my-avto.kz/brendy/teikin/,
MY AVTO Search,Бренд TEIKIN,[teikin вкладыши],Exact,https://my-avto.kz/brendy/teikin/,
MY AVTO Search,Бренд TEIKIN,[купить teikin],Exact,https://my-avto.kz/brendy/teikin/,
MY AVTO Search,Бренд TEIKIN,[teikin запчасти],Exact,https://my-avto.kz/brendy/teikin/,
MY AVTO Search,Бренд TEIKIN,[teikin алматы],Exact,https://my-avto.kz/brendy/teikin/,
MY AVTO Search,Бренд TEIKIN,[teikin казахстан],Exact,https://my-avto.kz/brendy/teikin/,
MY AVTO Search,Бренд TEIKIN,[teikin оригинал],Exact,https://my-avto.kz/brendy/teikin/,
MY AVTO Search,Бренд TEIKIN,[teikin япония],Exact,https://my-avto.kz/brendy/teikin/,
MY AVTO Search,Бренд TEIKIN,[teikin купить алматы],Exact,https://my-avto.kz/brendy/teikin/,
MY AVTO Search,Бренд TEIKIN,[teikin поршни купить],Exact,https://my-avto.kz/brendy/teikin/,
MY AVTO Search,Бренд TEIKIN,[teikin цена],Exact,https://my-avto.kz/brendy/teikin/,
MY AVTO Search,Бренд NPR,[npr поршни],Exact,https://my-avto.kz/brendy/npr/,
MY AVTO Search,Бренд NPR,[npr кольца],Exact,https://my-avto.kz/brendy/npr/,
MY AVTO Search,Бренд NPR,[npr вкладыши],Exact,https://my-avto.kz/brendy/npr/,
MY AVTO Search,Бренд NPR,[купить npr],Exact,https://my-avto.kz/brendy/npr/,
MY AVTO Search,Бренд NPR,[npr запчасти],Exact,https://my-avto.kz/brendy/npr/,
MY AVTO Search,Бренд NPR,[npr алматы],Exact,https://my-avto.kz/brendy/npr/,
MY AVTO Search,Бренд NPR,[npr казахстан],Exact,https://my-avto.kz/brendy/npr/,
MY AVTO Search,Бренд NPR,[npr оригинал],Exact,https://my-avto.kz/brendy/npr/,
MY AVTO Search,Бренд NPR,[npr япония],Exact,https://my-avto.kz/brendy/npr/,
MY AVTO Search,Бренд NPR,[npr купить алматы],Exact,https://my-avto.kz/brendy/npr/,
MY AVTO Search,Бренд NPR,[npr поршни купить],Exact,https://my-avto.kz/brendy/npr/,
MY AVTO Search,Бренд NPR,[npr цена],Exact,https://my-avto.kz/brendy/npr/,
MY AVTO Search,Бренд IZUMI,[izumi поршни],Exact,https://my-avto.kz/brendy/izumi/,
MY AVTO Search,Бренд IZUMI,[izumi кольца],Exact,https://my-avto.kz/brendy/izumi/,
MY AVTO Search,Бренд IZUMI,[izumi вкладыши],Exact,https://my-avto.kz/brendy/izumi/,
MY AVTO Search,Бренд IZUMI,[купить izumi],Exact,https://my-avto.kz/brendy/izumi/,
MY AVTO Search,Бренд IZUMI,[izumi запчасти],Exact,https://my-avto.kz/brendy/izumi/,
MY AVTO Search,Бренд IZUMI,[izumi алматы],Exact,https://my-avto.kz/brendy/izumi/,
MY AVTO Search,Бренд IZUMI,[izumi казахстан],Exact,https://my-avto.kz/brendy/izumi/,
MY AVTO Search,Бренд IZUMI,[izumi оригинал],Exact,https://my-avto.kz/brendy/izumi/,
MY AVTO Search,Бренд IZUMI,[izumi япония],Exact,https://my-avto.kz/brendy/izumi/,
MY AVTO Search,Бренд IZUMI,[izumi купить алматы],Exact,https://my-avto.kz/brendy/izumi/,
MY AVTO Search,Бренд IZUMI,[izumi поршни купить],Exact,https://my-avto.kz/brendy/izumi/,
MY AVTO Search,Бренд IZUMI,[izumi цена],Exact,https://my-avto.kz/brendy/izumi/,
MY AVTO Search,Бренд RIK,[rik поршни],Exact,https://my-avto.kz/brendy/rik/,
MY AVTO Search,Бренд RIK,[rik кольца],Exact,https://my-avto.kz/brendy/rik/,
MY AVTO Search,Бренд RIK,[rik вкладыши],Exact,https://my-avto.kz/brendy/rik/,
MY AVTO Search,Бренд RIK,[купить rik],Exact,https://my-avto.kz/brendy/rik/,
MY AVTO Search,Бренд RIK,[rik запчасти],Exact,https://my-avto.kz/brendy/rik/,
MY AVTO Search,Бренд RIK,[rik алматы],Exact,https://my-avto.kz/brendy/rik/,
MY AVTO Search,Бренд RIK,[rik казахстан],Exact,https://my-avto.kz/brendy/rik/,
MY AVTO Search,Бренд RIK,[rik оригинал],Exact,https://my-avto.kz/brendy/rik/,
MY AVTO Search,Бренд RIK,[rik япония],Exact,https://my-avto.kz/brendy/rik/,
MY AVTO Search,Бренд RIK,[rik купить алматы],Exact,https://my-avto.kz/brendy/rik/,
MY AVTO Search,Бренд RIK,[rik поршни купить],Exact,https://my-avto.kz/brendy/rik/,
MY AVTO Search,Бренд RIK,[rik цена],Exact,https://my-avto.kz/brendy/rik/,
MY AVTO Search,Бренд TP,[tp поршни],Exact,https://my-avto.kz/brendy/tp/,
MY AVTO Search,Бренд TP,[tp кольца],Exact,https://my-avto.kz/brendy/tp/,
MY AVTO Search,Бренд TP,[tp вкладыши],Exact,https://my-avto.kz/brendy/tp/,
MY AVTO Search,Бренд TP,[купить tp],Exact,https://my-avto.kz/brendy/tp/,
MY AVTO Search,Бренд TP,[tp запчасти],Exact,https://my-avto.kz/brendy/tp/,
MY AVTO Search,Бренд TP,[tp алматы],Exact,https://my-avto.kz/brendy/tp/,
MY AVTO Search,Бренд TP,[tp казахстан],Exact,https://my-avto.kz/brendy/tp/,
MY AVTO Search,Бренд TP,[tp оригинал],Exact,https://my-avto.kz/brendy/tp/,
MY AVTO Search,Бренд TP,[tp япония],Exact,https://my-avto.kz/brendy/tp/,
MY AVTO Search,Бренд TP,[tp купить алматы],Exact,https://my-avto.kz/brendy/tp/,
MY AVTO Search,Бренд TP,[tp поршни купить],Exact,https://my-avto.kz/brendy/tp/,
MY AVTO Search,Бренд TP,[tp цена],Exact,https://my-avto.kz/brendy/tp/,
MY AVTO Search,Бренд ND,[nd поршни],Exact,https://my-avto.kz/brendy/nd/,
MY AVTO Search,Бренд ND,[nd кольца],Exact,https://my-avto.kz/brendy/nd/,
MY AVTO Search,Бренд ND,[nd вкладыши],Exact,https://my-avto.kz/brendy/nd/,
MY AVTO Search,Бренд ND,[купить nd],Exact,https://my-avto.kz/brendy/nd/,
MY AVTO Search,Бренд ND,[nd запчасти],Exact,https://my-avto.kz/brendy/nd/,
MY AVTO Search,Бренд ND,[nd алматы],Exact,https://my-avto.kz/brendy/nd/,
MY AVTO Search,Бренд ND,[nd казахстан],Exact,https://my-avto.kz/brendy/nd/,
MY AVTO Search,Бренд ND,[nd оригинал],Exact,https://my-avto.kz/brendy/nd/,
MY AVTO Search,Бренд ND,[nd япония],Exact,https://my-avto.kz/brendy/nd/,
MY AVTO Search,Бренд ND,[nd купить алматы],Exact,https://my-avto.kz/brendy/nd/,
MY AVTO Search,Бренд ND,[nd поршни купить],Exact,https://my-avto.kz/brendy/nd/,
MY AVTO Search,Бренд ND,[nd цена],Exact,https://my-avto.kz/brendy/nd/,
MY AVTO Search,Бренд Taiho,[taiho поршни],Exact,https://my-avto.kz/brendy/taiho/,
MY AVTO Search,Бренд Taiho,[taiho кольца],Exact,https://my-avto.kz/brendy/taiho/,
MY AVTO Search,Бренд Taiho,[taiho вкладыши],Exact,https://my-avto.kz/brendy/taiho/,
MY AVTO Search,Бренд Taiho,[купить taiho],Exact,https://my-avto.kz/brendy/taiho/,
MY AVTO Search,Бренд Taiho,[taiho запчасти],Exact,https://my-avto.kz/brendy/taiho/,
MY AVTO Search,Бренд Taiho,[taiho алматы],Exact,https://my-avto.kz/brendy/taiho/,
MY AVTO Search,Бренд Taiho,[taiho казахстан],Exact,https://my-avto.kz/brendy/taiho/,
MY AVTO Search,Бренд Taiho,[taiho оригинал],Exact,https://my-avto.kz/brendy/taiho/,
MY AVTO Search,Бренд Taiho,[taiho япония],Exact,https://my-avto.kz/brendy/taiho/,
MY AVTO Search,Бренд Taiho,[taiho купить алматы],Exact,https://my-avto.kz/brendy/taiho/,
MY AVTO Search,Бренд Taiho,[taiho поршни купить],Exact,https://my-avto.kz/brendy/taiho/,
MY AVTO Search,Бренд Taiho,[taiho цена],Exact,https://my-avto.kz/brendy/taiho/,
MY AVTO Search,Бренд NDC,[ndc поршни],Exact,https://my-avto.kz/brendy/ndc/,
MY AVTO Search,Бренд NDC,[ndc кольца],Exact,https://my-avto.kz/brendy/ndc/,
MY AVTO Search,Бренд NDC,[ndc вкладыши],Exact,https://my-avto.kz/brendy/ndc/,
MY AVTO Search,Бренд NDC,[купить ndc],Exact,https://my-avto.kz/brendy/ndc/,
MY AVTO Search,Бренд NDC,[ndc запчасти],Exact,https://my-avto.kz/brendy/ndc/,
MY AVTO Search,Бренд NDC,[ndc алматы],Exact,https://my-avto.kz/brendy/ndc/,
MY AVTO Search,Бренд NDC,[ndc казахстан],Exact,https://my-avto.kz/brendy/ndc/,
MY AVTO Search,Бренд NDC,[ndc оригинал],Exact,https://my-avto.kz/brendy/ndc/,
MY AVTO Search,Бренд NDC,[ndc япония],Exact,https://my-avto.kz/brendy/ndc/,
MY AVTO Search,Бренд NDC,[ndc купить алматы],Exact,https://my-avto.kz/brendy/ndc/,
MY AVTO Search,Бренд NDC,[ndc поршни купить],Exact,https://my-avto.kz/brendy/ndc/,
MY AVTO Search,Бренд NDC,[ndc цена],Exact,https://my-avto.kz/brendy/ndc/,
MY AVTO Search,Toyota,[запчасти toyota],Exact,https://my-avto.kz/toyota/,
MY AVTO Search,Toyota,[запчасти toyota алматы],Exact,https://my-avto.kz/toyota/,
MY AVTO Search,Toyota,[поршни toyota],Exact,https://my-avto.kz/toyota/,
MY AVTO Search,Toyota,[кольца toyota],Exact,https://my-avto.kz/toyota/,
MY AVTO Search,Toyota,[вкладыши toyota],Exact,https://my-avto.kz/toyota/,
MY AVTO Search,Toyota,[ремкомплект toyota],Exact,https://my-avto.kz/toyota/,
MY AVTO Search,Toyota,[капремонт toyota],Exact,https://my-avto.kz/toyota/,
MY AVTO Search,Toyota,[капремонт двигателя toyota],Exact,https://my-avto.kz/toyota/,
MY AVTO Search,Toyota,[запчасти двигателя toyota],Exact,https://my-avto.kz/toyota/,
MY AVTO Search,Toyota,[японские запчасти toyota],Exact,https://my-avto.kz/toyota/,
MY AVTO Search,Toyota,[toyota запчасти двигателя],Exact,https://my-avto.kz/toyota/,
MY AVTO Search,Nissan,[запчасти nissan],Exact,https://my-avto.kz/nissan/,
MY AVTO Search,Nissan,[запчасти nissan алматы],Exact,https://my-avto.kz/nissan/,
MY AVTO Search,Nissan,[поршни nissan],Exact,https://my-avto.kz/nissan/,
MY AVTO Search,Nissan,[кольца nissan],Exact,https://my-avto.kz/nissan/,
MY AVTO Search,Nissan,[вкладыши nissan],Exact,https://my-avto.kz/nissan/,
MY AVTO Search,Nissan,[ремкомплект nissan],Exact,https://my-avto.kz/nissan/,
MY AVTO Search,Nissan,[капремонт nissan],Exact,https://my-avto.kz/nissan/,
MY AVTO Search,Nissan,[капремонт двигателя nissan],Exact,https://my-avto.kz/nissan/,
MY AVTO Search,Nissan,[запчасти двигателя nissan],Exact,https://my-avto.kz/nissan/,
MY AVTO Search,Nissan,[японские запчасти nissan],Exact,https://my-avto.kz/nissan/,
MY AVTO Search,Nissan,[nissan запчасти двигателя],Exact,https://my-avto.kz/nissan/,
MY AVTO Search,Mitsubishi,[запчасти mitsubishi],Exact,https://my-avto.kz/mitsubishi/,
MY AVTO Search,Mitsubishi,[запчасти mitsubishi алматы],Exact,https://my-avto.kz/mitsubishi/,
MY AVTO Search,Mitsubishi,[поршни mitsubishi],Exact,https://my-avto.kz/mitsubishi/,
MY AVTO Search,Mitsubishi,[кольца mitsubishi],Exact,https://my-avto.kz/mitsubishi/,
MY AVTO Search,Mitsubishi,[вкладыши mitsubishi],Exact,https://my-avto.kz/mitsubishi/,
MY AVTO Search,Mitsubishi,[ремкомплект mitsubishi],Exact,https://my-avto.kz/mitsubishi/,
MY AVTO Search,Mitsubishi,[капремонт mitsubishi],Exact,https://my-avto.kz/mitsubishi/,
MY AVTO Search,Mitsubishi,[капремонт двигателя mitsubishi],Exact,https://my-avto.kz/mitsubishi/,
MY AVTO Search,Mitsubishi,[запчасти двигателя mitsubishi],Exact,https://my-avto.kz/mitsubishi/,
MY AVTO Search,Mitsubishi,[японские запчасти mitsubishi],Exact,https://my-avto.kz/mitsubishi/,
MY AVTO Search,Mitsubishi,[mitsubishi запчасти двигателя],Exact,https://my-avto.kz/mitsubishi/,
MY AVTO Search,Mazda,[запчасти mazda],Exact,https://my-avto.kz/mazda/,
MY AVTO Search,Mazda,[запчасти mazda алматы],Exact,https://my-avto.kz/mazda/,
MY AVTO Search,Mazda,[поршни mazda],Exact,https://my-avto.kz/mazda/,
MY AVTO Search,Mazda,[кольца mazda],Exact,https://my-avto.kz/mazda/,
MY AVTO Search,Mazda,[вкладыши mazda],Exact,https://my-avto.kz/mazda/,
MY AVTO Search,Mazda,[ремкомплект mazda],Exact,https://my-avto.kz/mazda/,
MY AVTO Search,Mazda,[капремонт mazda],Exact,https://my-avto.kz/mazda/,
MY AVTO Search,Mazda,[капремонт двигателя mazda],Exact,https://my-avto.kz/mazda/,
MY AVTO Search,Mazda,[запчасти двигателя mazda],Exact,https://my-avto.kz/mazda/,
MY AVTO Search,Mazda,[японские запчасти mazda],Exact,https://my-avto.kz/mazda/,
MY AVTO Search,Mazda,[mazda запчасти двигателя],Exact,https://my-avto.kz/mazda/,
